{
    "metrics": {
        "vus": {
            "min": 3,
            "max": 499,
            "value": 3
        },
        "data_received": {
            "count": 288273939,
            "rate": 3603181.219771599
        },
        "http_req_sending": {
            "avg": 0.019575472007964764,
            "min": 0,
            "med": 0.013098,
            "max": 16.647755,
            "p(90)": 0.019489,
            "p(95)": 0.025957
        },
        "checks": {
            "passes": 91371,
            "fails": 30,
            "value": 0.999671776019956
        },
        "vus_max": {
            "value": 500,
            "min": 500,
            "max": 500
        },
        "http_req_receiving": {
            "med": 0.047551,
            "max": 26.791154,
            "p(90)": 0.076662,
            "p(95)": 0.135006,
            "avg": 0.07109540799334768,
            "min": 0
        },
        "http_req_duration": {
            "med": 124.668936,
            "max": 2328.725405,
            "p(90)": 481.969404,
            "p(95)": 571.438955,
            "avg": 189.78252735500644,
            "min": 0,
            "thresholds": {
                "p(95)<500": true
            }
        },
        "http_req_blocked": {
            "min": 0.002039,
            "med": 0.004457,
            "max": 16.25655,
            "p(90)": 0.00542,
            "p(95)": 0.006345,
            "avg": 0.00883322302819434
        },
        "http_req_connecting": {
            "avg": 0.0022785495782321856,
            "min": 0,
            "med": 0,
            "max": 13.395866,
            "p(90)": 0,
            "p(95)": 0
        },
        "http_req_failed": {
            "passes": 30,
            "fails": 91371,
            "thresholds": {
                "rate<0.01": false
            },
            "value": 0.000328223980043982
        },
        "http_reqs": {
            "count": 91401,
            "rate": 1142.4354480699135
        },
        "http_req_tls_handshaking": {
            "min": 0,
            "med": 0,
            "max": 0,
            "p(90)": 0,
            "p(95)": 0,
            "avg": 0
        },
        "iteration_duration": {
            "p(90)": 1079.5865096,
            "p(95)": 1224.7910169999989,
            "avg": 569.7854924085777,
            "min": 13.150679,
            "med": 518.697112,
            "max": 3079.61378
        },
        "http_req_waiting": {
            "p(90)": 481.910916,
            "p(95)": 571.33301,
            "avg": 189.6918564750063,
            "min": 0,
            "med": 124.585225,
            "max": 2328.64932
        },
        "data_sent": {
            "count": 9965886,
            "rate": 124565.17366137874
        },
        "http_req_duration{expected_response:true}": {
            "p(95)": 571.4761599999999,
            "avg": 189.84456774932906,
            "min": 0.406521,
            "med": 124.749209,
            "max": 2328.725405,
            "p(90)": 482.128252
        },
        "iterations": {
            "count": 30467,
            "rate": 380.8118160233045
        }
    },
    "root_group": {
        "name": "",
        "path": "",
        "id": "d41d8cd98f00b204e9800998ecf8427e",
        "groups": {},
        "checks": {
                "hello: status 200": {
                    "id": "7058b50c81b6576ebc0a925161dc4c75",
                    "passes": 30464,
                    "fails": 3,
                    "name": "hello: status 200",
                    "path": "::hello: status 200"
                },
                "users: status 200": {
                    "name": "users: status 200",
                    "path": "::users: status 200",
                    "id": "6602b84c5a5775f2fd4994c761780b2a",
                    "passes": 30467,
                    "fails": 0
                },
                "search: status 200": {
                    "name": "search: status 200",
                    "path": "::search: status 200",
                    "id": "cd68838b4cc6f7786becc08340f51f71",
                    "passes": 30440,
                    "fails": 27
                }
            }
    }
}