{
    "metrics": {
        "http_req_receiving": {
            "min": 0.020602,
            "med": 0.0493045,
            "max": 5.513393,
            "p(90)": 0.08170820000000001,
            "p(95)": 0.13448935000000012,
            "avg": 0.07268320777318181
        },
        "vus": {
            "value": 200,
            "min": 200,
            "max": 200
        },
        "data_received": {
            "count": 36614488,
            "rate": 1197307.5429785554
        },
        "vus_max": {
            "max": 200,
            "value": 200,
            "min": 200
        },
        "http_req_failed": {
            "passes": 0,
            "fails": 11604,
            "thresholds": {
                "rate<0.01": false
            },
            "value": 0
        },
        "http_req_waiting": {
            "med": 189.473946,
            "max": 6197.630104,
            "p(90)": 1408.027786900001,
            "p(95)": 1988.4152606500006,
            "avg": 522.5451827846465,
            "min": 0.927519
        },
        "checks": {
            "fails": 0,
            "passes": 11604,
            "value": 1
        },
        "http_req_blocked": {
            "avg": 0.06293607256118641,
            "min": 0.00235,
            "med": 0.004568,
            "max": 11.959654,
            "p(90)": 0.005947,
            "p(95)": 0.007749400000000002
        },
        "http_req_tls_handshaking": {
            "max": 0,
            "p(90)": 0,
            "p(95)": 0,
            "avg": 0,
            "min": 0,
            "med": 0
        },
        "http_req_sending": {
            "p(90)": 0.022084100000000002,
            "p(95)": 0.029805200000000004,
            "avg": 0.026975991554636355,
            "min": 0.006567,
            "med": 0.0134525,
            "max": 12.269415
        },
        "iteration_duration": {
            "avg": 1568.5349549560465,
            "min": 33.199458,
            "med": 1085.2715545,
            "max": 11551.274319,
            "p(90)": 2795.2730450999998,
            "p(95)": 7035.25605865
        },
        "iterations": {
            "count": 3868,
            "rate": 126.48505630451675
        },
        "http_reqs": {
            "count": 11604,
            "rate": 379.4551689135502
        },
        "http_req_duration{expected_response:true}": {
            "p(95)": 1988.5293604500005,
            "avg": 522.6448419839713,
            "min": 0.981723,
            "med": 189.6184295,
            "max": 6197.820735,
            "p(90)": 1408.102859500001
        },
        "data_sent": {
            "count": 1264836,
            "rate": 41360.613411576975
        },
        "http_req_duration": {
            "avg": 522.6448419839713,
            "min": 0.981723,
            "med": 189.6184295,
            "max": 6197.820735,
            "p(90)": 1408.102859500001,
            "p(95)": 1988.5293604500005,
            "thresholds": {
                "p(95)<500": true
            }
        },
        "http_req_connecting": {
            "avg": 0.054522508962426795,
            "min": 0,
            "med": 0,
            "max": 11.905254,
            "p(90)": 0,
            "p(95)": 0
        }
    },
    "root_group": {
        "name": "",
        "path": "",
        "id": "d41d8cd98f00b204e9800998ecf8427e",
        "groups": {},
        "checks": {
                "hello: status 200": {
                    "path": "::hello: status 200",
                    "id": "7058b50c81b6576ebc0a925161dc4c75",
                    "passes": 3868,
                    "fails": 0,
                    "name": "hello: status 200"
                },
                "users: status 200": {
                    "name": "users: status 200",
                    "path": "::users: status 200",
                    "id": "6602b84c5a5775f2fd4994c761780b2a",
                    "passes": 3868,
                    "fails": 0
                },
                "search: status 200": {
                    "path": "::search: status 200",
                    "id": "cd68838b4cc6f7786becc08340f51f71",
                    "passes": 3868,
                    "fails": 0,
                    "name": "search: status 200"
                }
            }
    }
}