{
    "root_group": {
        "name": "",
        "path": "",
        "id": "d41d8cd98f00b204e9800998ecf8427e",
        "groups": {},
        "checks": {
                "hello: status 200": {
                    "name": "hello: status 200",
                    "path": "::hello: status 200",
                    "id": "7058b50c81b6576ebc0a925161dc4c75",
                    "passes": 6888,
                    "fails": 3
                },
                "users: status 200": {
                    "name": "users: status 200",
                    "path": "::users: status 200",
                    "id": "6602b84c5a5775f2fd4994c761780b2a",
                    "passes": 4829,
                    "fails": 2062
                },
                "search: status 200": {
                    "name": "search: status 200",
                    "path": "::search: status 200",
                    "id": "cd68838b4cc6f7786becc08340f51f71",
                    "passes": 3933,
                    "fails": 2958
                }
            }
    },
    "metrics": {
        "data_received": {
            "count": 40479736,
            "rate": 503416.3944285412
        },
        "vus_max": {
            "min": 500,
            "max": 500,
            "value": 500
        },
        "http_req_receiving": {
            "avg": 0.060017350166884545,
            "min": 0,
            "med": 0.054744,
            "max": 3.168686,
            "p(90)": 0.08189779999999999,
            "p(95)": 0.09585859999999999
        },
        "vus": {
            "max": 499,
            "value": 44,
            "min": 5
        },
        "http_req_sending": {
            "min": 0.007258,
            "med": 0.015387,
            "max": 0.899255,
            "p(90)": 0.023895399999999997,
            "p(95)": 0.029769799999999996,
            "avg": 0.018099586368693427
        },
        "http_req_connecting": {
            "p(95)": 0,
            "avg": 0.005055576355632961,
            "min": 0,
            "med": 0,
            "max": 13.962295,
            "p(90)": 0
        },
        "http_req_waiting": {
            "p(95)": 2802.706748599997,
            "avg": 880.9645120191083,
            "min": 0.167899,
            "med": 784.371178,
            "max": 5654.736916,
            "p(90)": 1745.0214811999997
        },
        "http_req_duration": {
            "avg": 881.0426289556366,
            "min": 0.255047,
            "med": 784.443134,
            "max": 5654.80889,
            "p(90)": 1745.0812326,
            "p(95)": 2802.7611311999967,
            "thresholds": {
                "p(95)<500": true
            }
        },
        "http_req_blocked": {
            "p(90)": 0.006601,
            "p(95)": 0.008208,
            "avg": 0.012192294006675429,
            "min": 0.00239,
            "med": 0.004821,
            "max": 14.040781
        },
        "http_req_tls_handshaking": {
            "p(95)": 0,
            "avg": 0,
            "min": 0,
            "med": 0,
            "max": 0,
            "p(90)": 0
        },
        "http_reqs": {
            "count": 20673,
            "rate": 257.09473801956693
        },
        "iterations": {
            "count": 6891,
            "rate": 85.69824600652231
        },
        "http_req_duration{expected_response:true}": {
            "max": 5654.80889,
            "p(90)": 1928.5316506000004,
            "p(95)": 2966.5252680999997,
            "avg": 921.1390226229377,
            "min": 0.655762,
            "med": 823.786766
        },
        "checks": {
            "passes": 15650,
            "fails": 5023,
            "value": 0.7570260726551541
        },
        "data_sent": {
            "count": 2255553,
            "rate": 28050.63646419234
        },
        "iteration_duration": {
            "max": 10519.390521,
            "p(90)": 5038.103756,
            "p(95)": 5830.5987905,
            "avg": 2643.547159959661,
            "min": 5.041347,
            "med": 2259.16676
        },
        "http_req_failed": {
            "passes": 5023,
            "fails": 15650,
            "thresholds": {
                "rate<0.01": true
            },
            "value": 0.24297392734484594
        }
    }
}