{
    "root_group": {
        "checks": {
            "hello: status 200": {
                "name": "hello: status 200",
                "path": "::hello: status 200",
                "id": "7058b50c81b6576ebc0a925161dc4c75",
                "passes": 6942,
                "fails": 1
            },
            "users: status 200": {
                "passes": 4861,
                "fails": 2082,
                "name": "users: status 200",
                "path": "::users: status 200",
                "id": "6602b84c5a5775f2fd4994c761780b2a"
            },
            "search: status 200": {
                "id": "cd68838b4cc6f7786becc08340f51f71",
                "passes": 4006,
                "fails": 2937,
                "name": "search: status 200",
                "path": "::search: status 200"
            }
        },
        "name": "",
        "path": "",
        "id": "d41d8cd98f00b204e9800998ecf8427e",
        "groups": {}
    },
    "metrics": {
        "iteration_duration": {
            "avg": 2642.21083288924,
            "min": 102.288402,
            "med": 2229.074642,
            "max": 10343.859849,
            "p(90)": 5084.7089492,
            "p(95)": 5980.3457836
        },
        "http_req_duration{expected_response:true}": {
            "med": 835.054521,
            "max": 5594.738424,
            "p(90)": 1815.1351706000007,
            "p(95)": 3022.3319313999987,
            "avg": 919.5305224237472,
            "min": 0.614157
        },
        "http_req_connecting": {
            "avg": 0.005228067790100338,
            "min": 0,
            "med": 0,
            "max": 14.232775,
            "p(90)": 0,
            "p(95)": 0
        },
        "vus": {
            "value": 74,
            "min": 5,
            "max": 499
        },
        "data_sent": {
            "count": 2272395,
            "rate": 28144.092635585377
        },
        "http_reqs": {
            "rate": 257.97156986642193,
            "count": 20829
        },
        "http_req_duration": {
            "avg": 880.5969944411171,
            "min": 0.397395,
            "med": 799.198311,
            "max": 5594.738424,
            "p(90)": 1669.3892366000002,
            "p(95)": 2841.998924599999,
            "thresholds": {
                "p(95)<500": true
            }
        },
        "http_req_blocked": {
            "max": 14.301364,
            "p(90)": 0.00669,
            "p(95)": 0.008244199999999998,
            "avg": 0.012370384079888509,
            "min": 0.002421,
            "med": 0.004821
        },
        "http_req_tls_handshaking": {
            "p(95)": 0,
            "avg": 0,
            "min": 0,
            "med": 0,
            "max": 0,
            "p(90)": 0
        },
        "checks": {
            "passes": 15809,
            "fails": 5020,
            "value": 0.7589898698929377
        },
        "http_req_waiting": {
            "min": 0.345432,
            "med": 799.134423,
            "max": 5594.653328,
            "p(90)": 1669.3200082000003,
            "p(95)": 2841.924174199999,
            "avg": 880.5182242850335
        },
        "http_req_receiving": {
            "avg": 0.06070472125402074,
            "min": 0,
            "med": 0.054974,
            "max": 3.278597,
            "p(90)": 0.08320860000000001,
            "p(95)": 0.09739539999999998
        },
        "iterations": {
            "count": 6943,
            "rate": 85.99052328880731
        },
        "http_req_failed": {
            "passes": 5020,
            "fails": 15809,
            "thresholds": {
                "rate<0.01": true
            },
            "value": 0.24101013010706226
        },
        "vus_max": {
            "value": 500,
            "min": 500,
            "max": 500
        },
        "data_received": {
            "count": 40949956,
            "rate": 507173.86505741527
        },
        "http_req_sending": {
            "min": 0.00702,
            "med": 0.01547,
            "max": 0.962804,
            "p(90)": 0.023598,
            "p(95)": 0.029393199999999984,
            "avg": 0.018065434826443797
        }
    }
}