{
    "root_group": {
        "name": "",
        "path": "",
        "id": "d41d8cd98f00b204e9800998ecf8427e",
        "groups": {},
        "checks": {
                "hello: status 200": {
                    "name": "hello: status 200",
                    "path": "::hello: status 200",
                    "id": "7058b50c81b6576ebc0a925161dc4c75",
                    "passes": 6952,
                    "fails": 3
                },
                "users: status 200": {
                    "name": "users: status 200",
                    "path": "::users: status 200",
                    "id": "6602b84c5a5775f2fd4994c761780b2a",
                    "passes": 4922,
                    "fails": 2033
                },
                "search: status 200": {
                    "name": "search: status 200",
                    "path": "::search: status 200",
                    "id": "cd68838b4cc6f7786becc08340f51f71",
                    "passes": 3976,
                    "fails": 2979
                }
            }
    },
    "metrics": {
        "checks": {
            "passes": 15850,
            "fails": 5015,
            "value": 0.7596453390845914
        },
        "data_received": {
            "count": 41084643,
            "rate": 510920.55400877126
        },
        "http_req_connecting": {
            "min": 0,
            "med": 0,
            "max": 14.271331,
            "p(90)": 0,
            "p(95)": 0,
            "avg": 0.00541500656601965
        },
        "http_req_sending": {
            "min": 0.006873,
            "med": 0.015333,
            "max": 0.950606,
            "p(90)": 0.02350800000000001,
            "p(95)": 0.029468399999999992,
            "avg": 0.018062839252336423
        },
        "vus": {
            "value": 32,
            "min": 5,
            "max": 499
        },
        "http_req_tls_handshaking": {
            "max": 0,
            "p(90)": 0,
            "p(95)": 0,
            "avg": 0,
            "min": 0,
            "med": 0
        },
        "iterations": {
            "count": 6955,
            "rate": 86.49101449247117
        },
        "vus_max": {
            "value": 500,
            "min": 500,
            "max": 500
        },
        "http_req_blocked": {
            "med": 0.004811,
            "max": 14.331438,
            "p(90)": 0.006672,
            "p(95)": 0.008495199999999998,
            "avg": 0.012483278552600063,
            "min": 0.002387
        },
        "data_sent": {
            "count": 2276571,
            "rate": 28310.98998621705
        },
        "iteration_duration": {
            "med": 2199.254732,
            "max": 11909.009303,
            "p(90)": 5101.625888800001,
            "p(95)": 6060.8618489,
            "avg": 2615.9104867302635,
            "min": 103.5021
        },
        "http_reqs": {
            "rate": 259.4730434774135,
            "count": 20865
        },
        "http_req_duration": {
            "avg": 871.8299983462235,
            "min": 0.335309,
            "med": 777.333967,
            "max": 5398.756416,
            "p(90)": 1676.6846718000004,
            "p(95)": 2731.4180103999975,
            "thresholds": {
                "p(95)<500": true
            }
        },
        "http_req_receiving": {
            "p(95)": 0.09639379999999997,
            "avg": 0.06063517632398774,
            "min": 0,
            "med": 0.054959,
            "max": 3.3995,
            "p(90)": 0.08216560000000003
        },
        "http_req_duration{expected_response:true}": {
            "avg": 903.9664670420809,
            "min": 0.640154,
            "med": 803.108913,
            "max": 5398.756416,
            "p(90)": 1789.6399688000004,
            "p(95)": 2865.8562922499964
        },
        "http_req_failed": {
            "passes": 5015,
            "fails": 15850,
            "thresholds": {
                "rate<0.01": true
            },
            "value": 0.24035466091540858
        },
        "http_req_waiting": {
            "avg": 871.7513003306525,
            "min": 0.280629,
            "med": 777.243274,
            "max": 5398.689929,
            "p(90)": 1676.5990114000003,
            "p(95)": 2731.340370599997
        }
    }
}