{
    "root_group": {
        "id": "d41d8cd98f00b204e9800998ecf8427e",
        "groups": {},
        "checks": {
                "hello: status 200": {
                    "path": "::hello: status 200",
                    "id": "7058b50c81b6576ebc0a925161dc4c75",
                    "passes": 6872,
                    "fails": 1,
                    "name": "hello: status 200"
                },
                "users: status 200": {
                    "id": "6602b84c5a5775f2fd4994c761780b2a",
                    "passes": 4850,
                    "fails": 2023,
                    "name": "users: status 200",
                    "path": "::users: status 200"
                },
                "search: status 200": {
                    "id": "cd68838b4cc6f7786becc08340f51f71",
                    "passes": 3983,
                    "fails": 2890,
                    "name": "search: status 200",
                    "path": "::search: status 200"
                }
            },
        "name": "",
        "path": ""
    },
    "metrics": {
        "http_req_tls_handshaking": {
            "avg": 0,
            "min": 0,
            "med": 0,
            "max": 0,
            "p(90)": 0,
            "p(95)": 0
        },
        "http_req_duration{expected_response:true}": {
            "avg": 915.9776731246734,
            "min": 0.625227,
            "med": 835.706469,
            "max": 5338.352831,
            "p(90)": 1909.8854218000024,
            "p(95)": 2866.8451007999993
        },
        "data_received": {
            "count": 40764545,
            "rate": 506688.045137996
        },
        "http_req_waiting": {
            "med": 794.738575,
            "max": 5338.249573,
            "p(90)": 1772.1645766,
            "p(95)": 2805.1586515999984,
            "avg": 881.8912359877291,
            "min": 0.140093
        },
        "vus": {
            "value": 34,
            "min": 5,
            "max": 499
        },
        "http_reqs": {
            "count": 20619,
            "rate": 256.28645683891085
        },
        "http_req_connecting": {
            "max": 22.116968,
            "p(90)": 0,
            "p(95)": 0,
            "avg": 0.006195793685435764,
            "min": 0,
            "med": 0
        },
        "http_req_receiving": {
            "p(90)": 0.08176080000000001,
            "p(95)": 0.09617339999999999,
            "avg": 0.05998378374314977,
            "min": 0,
            "med": 0.055029,
            "max": 1.248886
        },
        "vus_max": {
            "max": 500,
            "value": 500,
            "min": 500
        },
        "http_req_sending": {
            "p(95)": 0.029327199999999984,
            "avg": 0.0180281666909162,
            "min": 0.007138,
            "med": 0.015423,
            "max": 0.835919,
            "p(90)": 0.0235034
        },
        "http_req_failed": {
            "passes": 4914,
            "fails": 15705,
            "thresholds": {
                "rate<0.01": true
            },
            "value": 0.23832387603666522
        },
        "iteration_duration": {
            "avg": 2646.3274614796965,
            "min": 102.817115,
            "med": 2224.240219,
            "max": 10198.124085,
            "p(90)": 5088.368725,
            "p(95)": 5803.3414385999995
        },
        "iterations": {
            "rate": 85.42881894630362,
            "count": 6873
        },
        "data_sent": {
            "count": 2249595,
            "rate": 27961.62432089479
        },
        "http_req_blocked": {
            "p(95)": 0.008424099999999999,
            "avg": 0.013259340220185305,
            "min": 0.002319,
            "med": 0.004814,
            "max": 22.195967,
            "p(90)": 0.006620400000000001
        },
        "http_req_duration": {
            "p(95)": 2805.229928199999,
            "avg": 881.9692479381669,
            "min": 0.156764,
            "med": 794.801875,
            "max": 5338.352831,
            "p(90)": 1772.244312,
            "thresholds": {
                "p(95)<500": true
            }
        },
        "checks": {
            "fails": 4914,
            "passes": 15705,
            "value": 0.7616761239633348
        }
    }
}