{
    "root_group": {
        "path": "",
        "id": "d41d8cd98f00b204e9800998ecf8427e",
        "groups": {},
        "checks": {
                "hello: status 200": {
                    "passes": 37559,
                    "fails": 12,
                    "name": "hello: status 200",
                    "path": "::hello: status 200",
                    "id": "7058b50c81b6576ebc0a925161dc4c75"
                },
                "users: status 200": {
                    "name": "users: status 200",
                    "path": "::users: status 200",
                    "id": "6602b84c5a5775f2fd4994c761780b2a",
                    "passes": 37565,
                    "fails": 6
                },
                "search: status 200": {
                    "name": "search: status 200",
                    "path": "::search: status 200",
                    "id": "cd68838b4cc6f7786becc08340f51f71",
                    "passes": 37568,
                    "fails": 3
                }
            },
        "name": ""
    },
    "metrics": {
        "http_req_tls_handshaking": {
            "avg": 0,
            "min": 0,
            "med": 0,
            "max": 0,
            "p(90)": 0,
            "p(95)": 0
        },
        "iterations": {
            "count": 37571,
            "rate": 500.6259872395586
        },
        "http_req_duration": {
            "max": 7020.222309,
            "p(90)": 34.03181120000002,
            "p(95)": 93.830421,
            "avg": 59.091100666081324,
            "min": 0.241672,
            "med": 2.227487,
            "thresholds": {
                "p(95)<2000": false
            }
        },
        "vus_max": {
            "value": 500,
            "min": 500,
            "max": 500
        },
        "http_req_blocked": {
            "p(95)": 0.006002,
            "avg": 0.00558775791612325,
            "min": 0.001988,
            "med": 0.004066,
            "max": 11.032311,
            "p(90)": 0.005464
        },
        "http_req_sending": {
            "med": 0.011733,
            "max": 4.372242,
            "p(90)": 0.017135,
            "p(95)": 0.020089399999999993,
            "avg": 0.013034292512842301,
            "min": 0.005745
        },
        "checks": {
            "fails": 21,
            "passes": 112692,
            "value": 0.999813686087674
        },
        "iteration_duration": {
            "avg": 277.84355704272025,
            "min": 101.677479,
            "med": 106.415632,
            "max": 7420.137947,
            "p(90)": 253.309139,
            "p(95)": 438.7399515
        },
        "data_sent": {
            "count": 12285798,
            "rate": 163705.77713597706
        },
        "vus": {
            "value": 1,
            "min": 1,
            "max": 500
        },
        "http_req_receiving": {
            "p(95)": 0.059855,
            "avg": 0.04221354884529693,
            "min": 0,
            "med": 0.03965,
            "max": 6.795292,
            "p(90)": 0.054097
        },
        "http_reqs": {
            "count": 112713,
            "rate": 1501.8779617186756
        },
        "data_received": {
            "count": 333138135,
            "rate": 4438998.368995245
        },
        "http_req_connecting": {
            "p(90)": 0,
            "p(95)": 0,
            "avg": 0.0009195353597189319,
            "min": 0,
            "med": 0,
            "max": 10.962429
        },
        "http_req_duration{expected_response:true}": {
            "avg": 59.10205264092415,
            "min": 0.545345,
            "med": 2.227887,
            "max": 7020.222309,
            "p(90)": 34.0833747000001,
            "p(95)": 93.83294999999998
        },
        "http_req_waiting": {
            "med": 2.173026,
            "max": 7020.103043,
            "p(90)": 33.97339220000003,
            "p(95)": 93.7761098,
            "avg": 59.03585282472265,
            "min": 0.21474
        },
        "http_req_failed": {
            "passes": 21,
            "fails": 112692,
            "thresholds": {
                "rate<0.05": false
            },
            "value": 0.00018631391232599612
        }
    }
}