{
    "root_group": {
        "groups": {},
        "checks": {
                "hello: status 200": {
                    "passes": 36926,
                    "fails": 15,
                    "name": "hello: status 200",
                    "path": "::hello: status 200",
                    "id": "7058b50c81b6576ebc0a925161dc4c75"
                },
                "users: status 200": {
                    "name": "users: status 200",
                    "path": "::users: status 200",
                    "id": "6602b84c5a5775f2fd4994c761780b2a",
                    "passes": 36933,
                    "fails": 8
                },
                "search: status 200": {
                    "name": "search: status 200",
                    "path": "::search: status 200",
                    "id": "cd68838b4cc6f7786becc08340f51f71",
                    "passes": 36934,
                    "fails": 7
                }
            },
        "name": "",
        "path": "",
        "id": "d41d8cd98f00b204e9800998ecf8427e"
    },
    "metrics": {
        "http_req_connecting": {
            "p(95)": 0,
            "avg": 0.0009092890464975687,
            "min": 0,
            "med": 0,
            "max": 8.461395,
            "p(90)": 0
        },
        "iteration_duration": {
            "max": 7392.77173,
            "p(90)": 274.956818,
            "p(95)": 510.335645,
            "avg": 292.31003059789754,
            "min": 101.657832,
            "med": 116.747616
        },
        "data_sent": {
            "count": 12079707,
            "rate": 160983.8905727106
        },
        "iterations": {
            "rate": 492.3054757575248,
            "count": 36941
        },
        "http_reqs": {
            "count": 110823,
            "rate": 1476.9164272725743
        },
        "http_req_duration": {
            "avg": 63.904372733899805,
            "min": 0.227455,
            "med": 4.135182,
            "max": 6958.925764,
            "p(90)": 46.331461800000014,
            "p(95)": 99.49630179999971,
            "thresholds": {
                "p(95)<2000": false
            }
        },
        "http_req_sending": {
            "avg": 0.013127983830071063,
            "min": 0.005604,
            "med": 0.011834,
            "max": 1.865116,
            "p(90)": 0.01711,
            "p(95)": 0.020169
        },
        "checks": {
            "passes": 110793,
            "fails": 30,
            "value": 0.9997292980698952
        },
        "http_req_failed": {
            "passes": 30,
            "fails": 110793,
            "thresholds": {
                "rate<0.05": false
            },
            "value": 0.00027070193010476164
        },
        "http_req_blocked": {
            "avg": 0.005625610252384414,
            "min": 0.001976,
            "med": 0.004126,
            "max": 8.543479,
            "p(90)": 0.005502,
            "p(95)": 0.006013
        },
        "http_req_tls_handshaking": {
            "avg": 0,
            "min": 0,
            "med": 0,
            "max": 0,
            "p(90)": 0,
            "p(95)": 0
        },
        "http_req_waiting": {
            "p(90)": 46.270568000000004,
            "p(95)": 99.38605409999998,
            "avg": 63.84895369427781,
            "min": 0.181695,
            "med": 4.083498,
            "max": 6958.853604
        },
        "vus_max": {
            "value": 500,
            "min": 500,
            "max": 500
        },
        "http_req_receiving": {
            "p(90)": 0.054188,
            "p(95)": 0.060049,
            "avg": 0.04229105579166746,
            "min": 0,
            "med": 0.039848,
            "max": 4.321624
        },
        "data_received": {
            "count": 327525257,
            "rate": 4364864.9865999995
        },
        "vus": {
            "value": 2,
            "min": 2,
            "max": 500
        },
        "http_req_duration{expected_response:true}": {
            "avg": 63.828847072350946,
            "min": 0.519811,
            "med": 4.137938,
            "max": 6958.925764,
            "p(90)": 46.33638660000001,
            "p(95)": 99.47245579999972
        }
    }
}