{
    "root_group": {
        "groups": {},
        "checks": {
                "hello: status 200": {
                    "path": "::hello: status 200",
                    "id": "7058b50c81b6576ebc0a925161dc4c75",
                    "passes": 2107,
                    "fails": 0,
                    "name": "hello: status 200"
                },
                "users: status 200": {
                    "name": "users: status 200",
                    "path": "::users: status 200",
                    "id": "6602b84c5a5775f2fd4994c761780b2a",
                    "passes": 1890,
                    "fails": 85
                },
                "search: status 200": {
                    "path": "::search: status 200",
                    "id": "cd68838b4cc6f7786becc08340f51f71",
                    "passes": 1774,
                    "fails": 111,
                    "name": "search: status 200"
                }
            },
        "name": "",
        "path": "",
        "id": "d41d8cd98f00b204e9800998ecf8427e"
    },
    "metrics": {
        "vus_max": {
            "value": 500,
            "min": 500,
            "max": 500
        },
        "http_req_duration{expected_response:true}": {
            "avg": 269.9839657551553,
            "min": 0.641521,
            "med": 221.480961,
            "max": 1621.253324,
            "p(90)": 546.788744,
            "p(95)": 794.5857269999999
        },
        "data_sent": {
            "count": 680628,
            "rate": 20156.061411086863
        },
        "data_received": {
            "count": 16341132,
            "rate": 483924.9342058756
        },
        "http_req_tls_handshaking": {
            "med": 0,
            "max": 0,
            "p(90)": 0,
            "p(95)": 0,
            "avg": 0,
            "min": 0
        },
        "http_req_failed": {
            "passes": 196,
            "fails": 5771,
            "thresholds": {
                "rate<0.05": false
            },
            "value": 0.03284732696497402
        },
        "http_req_connecting": {
            "med": 0,
            "max": 17.757317,
            "p(90)": 0,
            "p(95)": 0.09194659999999998,
            "avg": 0.01527247695659461,
            "min": 0
        },
        "http_req_receiving": {
            "avg": 0.05739990380425652,
            "min": 0.020253,
            "med": 0.053927,
            "max": 0.702771,
            "p(90)": 0.07787960000000002,
            "p(95)": 0.08858759999999999
        },
        "http_req_sending": {
            "med": 0.015112,
            "max": 0.275621,
            "p(90)": 0.026340400000000003,
            "p(95)": 0.03922679999999999,
            "avg": 0.01781210692140109,
            "min": 0.007277
        },
        "http_req_duration": {
            "avg": 281.96035654114314,
            "min": 0.641521,
            "med": 224.571417,
            "max": 1645.036,
            "p(90)": 597.2190238000004,
            "p(95)": 880.8374218999992,
            "thresholds": {
                "p(95)<2000": false
            }
        },
        "http_req_blocked": {
            "avg": 0.023441494218200017,
            "min": 0.002352,
            "med": 0.004766,
            "max": 17.799907,
            "p(90)": 0.007316000000000006,
            "p(95)": 0.13929329999999987
        },
        "vus": {
            "value": 316,
            "min": 5,
            "max": 316
        },
        "iteration_duration": {
            "avg": 884.2599680721912,
            "min": 202.281698,
            "med": 784.4869405,
            "max": 2932.453316,
            "p(90)": 1320.3372348,
            "p(95)": 1949.8603704499994
        },
        "http_req_waiting": {
            "p(95)": 880.7683733999992,
            "avg": 281.88514453041716,
            "min": 0.579539,
            "med": 224.516638,
            "max": 1644.979215,
            "p(90)": 597.1377672000003
        },
        "iterations": {
            "rate": 55.37802564504022,
            "count": 1870
        },
        "checks": {
            "passes": 5771,
            "fails": 196,
            "value": 0.967152673035026
        },
        "http_reqs": {
            "count": 5967,
            "rate": 176.70624546735561
        }
    }
}