{
    "metrics": {
        "http_reqs": {
            "count": 68758,
            "rate": 709.0931443959067
        },
        "http_req_duration{expected_response:true}": {
            "p(90)": 14.7469755,
            "p(95)": 91.75905975,
            "avg": 146.6167277467852,
            "min": 0.519052,
            "med": 2.2065770000000002,
            "max": 25292.531362
        },
        "http_req_sending": {
            "avg": 0.012723600221065097,
            "min": 0.005596,
            "med": 0.0114565,
            "max": 0.79233,
            "p(90)": 0.0171443,
            "p(95)": 0.020266299999999987
        },
        "data_received": {
            "count": 203233297,
            "rate": 2095921.021781861
        },
        "data_sent": {
            "rate": 77295.16445027356,
            "count": 7495011
        },
        "checks": {
            "passes": 68756,
            "fails": 2,
            "value": 0.9999709124756392
        },
        "http_req_tls_handshaking": {
            "p(90)": 0,
            "p(95)": 0,
            "avg": 0,
            "min": 0,
            "med": 0,
            "max": 0
        },
        "http_req_duration": {
            "med": 2.206625,
            "max": 25293.864739,
            "p(90)": 14.755198300000021,
            "p(95)": 91.87999814999993,
            "avg": 147.34819791192243,
            "min": 0.519052,
            "thresholds": {
                "p(95)<2000": false
            }
        },
        "http_req_failed": {
            "passes": 2,
            "fails": 68756,
            "thresholds": {
                "rate<0.05": false
            },
            "value": 0.00002908752436080165
        },
        "http_req_waiting": {
            "p(95)": 91.81670084999998,
            "avg": 147.29413632208812,
            "min": 0.491596,
            "med": 2.1521749999999997,
            "max": 25293.798268,
            "p(90)": 14.694549600000014
        },
        "vus_max": {
            "value": 500,
            "min": 500,
            "max": 500
        },
        "http_req_receiving": {
            "avg": 0.04133798961575424,
            "min": 0.014843,
            "med": 0.038967,
            "max": 3.479723,
            "p(90)": 0.053895,
            "p(95)": 0.05990804999999996
        },
        "http_req_blocked": {
            "p(90)": 0.005423300000000002,
            "p(95)": 0.006005,
            "avg": 0.005619626312574559,
            "min": 0.001929,
            "med": 0.003951,
            "max": 7.718495
        },
        "vus": {
            "value": 34,
            "min": 5,
            "max": 500
        },
        "iterations": {
            "count": 22887,
            "rate": 236.03093161216322
        },
        "http_req_connecting": {
            "avg": 0.0009955574914918988,
            "min": 0,
            "med": 0,
            "max": 7.678403,
            "p(90)": 0,
            "p(95)": 0
        },
        "iteration_duration": {
            "p(95)": 715.6137305000002,
            "avg": 505.7339983042769,
            "min": 103.60508,
            "med": 106.705815,
            "max": 11730.225944,
            "p(90)": 245.14217180000006
        }
    },
    "root_group": {
        "id": "d41d8cd98f00b204e9800998ecf8427e",
        "groups": {},
        "checks": {
                "hello: status 200": {
                    "id": "7058b50c81b6576ebc0a925161dc4c75",
                    "passes": 22921,
                    "fails": 0,
                    "name": "hello: status 200",
                    "path": "::hello: status 200"
                },
                "users: status 200": {
                    "fails": 0,
                    "name": "users: status 200",
                    "path": "::users: status 200",
                    "id": "6602b84c5a5775f2fd4994c761780b2a",
                    "passes": 22920
                },
                "search: status 200": {
                    "path": "::search: status 200",
                    "id": "cd68838b4cc6f7786becc08340f51f71",
                    "passes": 22915,
                    "fails": 2,
                    "name": "search: status 200"
                }
            },
        "name": "",
        "path": ""
    }
}