{
    "metrics": {
        "http_req_blocked": {
            "max": 27.866306,
            "p(90)": 0.006619700000000001,
            "p(95)": 0.007709750000000001,
            "avg": 0.129096700680272,
            "min": 0.002321,
            "med": 0.004866
        },
        "http_req_waiting": {
            "p(90)": 1323.1633040000002,
            "p(95)": 1418.7814518000002,
            "avg": 678.7906985281978,
            "min": 0.596726,
            "med": 754.9736949999999,
            "max": 2543.163195
        },
        "data_sent": {
            "count": 993426,
            "rate": 30934.832931545006
        },
        "http_req_connecting": {
            "p(95)": 0,
            "avg": 0.08999609293394774,
            "min": 0,
            "med": 0,
            "max": 15.155898,
            "p(90)": 0
        },
        "http_req_failed": {
            "passes": 2461,
            "fails": 6653,
            "thresholds": {
                "rate<0.01": true
            },
            "value": 0.2700241386877332
        },
        "vus_max": {
            "value": 200,
            "min": 200,
            "max": 200
        },
        "data_received": {
            "count": 16829271,
            "rate": 524055.8297696007
        },
        "http_req_receiving": {
            "min": 0.021729,
            "med": 0.0544105,
            "max": 2.059081,
            "p(90)": 0.08235970000000001,
            "p(95)": 0.09841025000000006,
            "avg": 0.06091826003949957
        },
        "http_reqs": {
            "count": 9114,
            "rate": 283.80580671142206
        },
        "iteration_duration": {
            "avg": 2037.4645389581933,
            "min": 499.304508,
            "med": 2121.424617,
            "max": 3981.588749,
            "p(90)": 2811.4485892,
            "p(95)": 2948.6282105500004
        },
        "iterations": {
            "count": 3038,
            "rate": 94.60193557047403
        },
        "checks": {
            "passes": 6653,
            "fails": 2461,
            "value": 0.7299758613122669
        },
        "vus": {
            "max": 200,
            "value": 9,
            "min": 9
        },
        "http_req_tls_handshaking": {
            "p(90)": 0,
            "p(95)": 0,
            "avg": 0,
            "min": 0,
            "med": 0,
            "max": 0
        },
        "http_req_sending": {
            "avg": 0.039414838270792396,
            "min": 0.006882,
            "med": 0.0155735,
            "max": 27.374788,
            "p(90)": 0.02337000000000001,
            "p(95)": 0.02810075
        },
        "http_req_duration": {
            "min": 0.66328,
            "med": 755.0483735,
            "max": 2543.218214,
            "p(90)": 1323.236466,
            "p(95)": 1418.8703201000003,
            "avg": 678.8910316265079,
            "thresholds": {
                "p(95)<500": true
            }
        },
        "http_req_duration{expected_response:true}": {
            "max": 2543.218214,
            "p(90)": 1371.4078752,
            "p(95)": 1454.3225596,
            "avg": 709.4341993820855,
            "min": 5.690518,
            "med": 863.153963
        }
    },
    "root_group": {
        "name": "",
        "path": "",
        "id": "d41d8cd98f00b204e9800998ecf8427e",
        "groups": {},
        "checks": {
                "hello: status 200": {
                    "name": "hello: status 200",
                    "path": "::hello: status 200",
                    "id": "7058b50c81b6576ebc0a925161dc4c75",
                    "passes": 3038,
                    "fails": 0
                },
                "users: status 200": {
                    "passes": 2054,
                    "fails": 984,
                    "name": "users: status 200",
                    "path": "::users: status 200",
                    "id": "6602b84c5a5775f2fd4994c761780b2a"
                },
                "search: status 200": {
                    "id": "cd68838b4cc6f7786becc08340f51f71",
                    "passes": 1561,
                    "fails": 1477,
                    "name": "search: status 200",
                    "path": "::search: status 200"
                }
            }
    }
}