{
    "root_group": {
        "checks": {
            "hello: status 200": {
                "fails": 0,
                "name": "hello: status 200",
                "path": "::hello: status 200",
                "id": "7058b50c81b6576ebc0a925161dc4c75",
                "passes": 3025
            },
            "users: status 200": {
                "fails": 1009,
                "name": "users: status 200",
                "path": "::users: status 200",
                "id": "6602b84c5a5775f2fd4994c761780b2a",
                "passes": 2016
            },
            "search: status 200": {
                "name": "search: status 200",
                "path": "::search: status 200",
                "id": "cd68838b4cc6f7786becc08340f51f71",
                "passes": 1572,
                "fails": 1453
            }
        },
        "name": "",
        "path": "",
        "id": "d41d8cd98f00b204e9800998ecf8427e",
        "groups": {}
    },
    "metrics": {
        "checks": {
            "fails": 2462,
            "passes": 6613,
            "value": 0.7287052341597796
        },
        "iteration_duration": {
            "p(95)": 2952.750171,
            "avg": 2045.1203899312422,
            "min": 577.535569,
            "med": 2146.166073,
            "max": 3864.784588,
            "p(90)": 2796.4890247999997
        },
        "http_req_tls_handshaking": {
            "p(95)": 0,
            "avg": 0,
            "min": 0,
            "med": 0,
            "max": 0,
            "p(90)": 0
        },
        "http_req_waiting": {
            "med": 769.265332,
            "max": 2584.709582,
            "p(90)": 1323.4387724,
            "p(95)": 1418.0952508999999,
            "avg": 681.3946895520654,
            "min": 0.633843
        },
        "http_req_duration": {
            "min": 0.713501,
            "med": 769.39552,
            "max": 2584.774598,
            "p(90)": 1323.5272936000001,
            "p(95)": 1418.1747824,
            "avg": 681.4852229605468,
            "thresholds": {
                "p(95)<500": true
            }
        },
        "http_req_sending": {
            "min": 0.006882,
            "med": 0.015401,
            "max": 17.045882,
            "p(90)": 0.023051400000000003,
            "p(95)": 0.027918099999999987,
            "avg": 0.029874440330578424
        },
        "http_req_receiving": {
            "avg": 0.06065896815426991,
            "min": 0.023114,
            "med": 0.055023,
            "max": 2.04327,
            "p(90)": 0.084091,
            "p(95)": 0.09838389999999997
        },
        "vus_max": {
            "min": 200,
            "max": 200,
            "value": 200
        },
        "http_req_failed": {
            "passes": 2462,
            "fails": 6613,
            "thresholds": {
                "rate<0.01": true
            },
            "value": 0.2712947658402204
        },
        "http_reqs": {
            "count": 9075,
            "rate": 284.60249229882965
        },
        "data_received": {
            "count": 16712172,
            "rate": 524113.0361351754
        },
        "http_req_connecting": {
            "p(95)": 0,
            "avg": 0.055557801763085404,
            "min": 0,
            "med": 0,
            "max": 10.777428,
            "p(90)": 0
        },
        "http_req_duration{expected_response:true}": {
            "min": 1.369685,
            "med": 875.218036,
            "max": 2584.774598,
            "p(90)": 1368.6916348,
            "p(95)": 1451.5987886,
            "avg": 712.7258189190977
        },
        "http_req_blocked": {
            "med": 0.004863,
            "max": 19.698642,
            "p(90)": 0.006688800000000001,
            "p(95)": 0.007795599999999999,
            "avg": 0.09269783636363706,
            "min": 0.002377
        },
        "vus": {
            "max": 200,
            "value": 86,
            "min": 86
        },
        "iterations": {
            "count": 3025,
            "rate": 94.86749743294322
        },
        "data_sent": {
            "count": 989175,
            "rate": 31021.671660572432
        }
    }
}