{
    "root_group": {
        "name": "",
        "path": "",
        "id": "d41d8cd98f00b204e9800998ecf8427e",
        "groups": {},
        "checks": {
                "hello: status 200": {
                    "passes": 58570,
                    "fails": 0,
                    "name": "hello: status 200",
                    "path": "::hello: status 200",
                    "id": "7058b50c81b6576ebc0a925161dc4c75"
                },
                "users: status 200": {
                    "path": "::users: status 200",
                    "id": "6602b84c5a5775f2fd4994c761780b2a",
                    "passes": 58570,
                    "fails": 0,
                    "name": "users: status 200"
                },
                "search: status 200": {
                    "passes": 58570,
                    "fails": 0,
                    "name": "search: status 200",
                    "path": "::search: status 200",
                    "id": "cd68838b4cc6f7786becc08340f51f71"
                }
            }
    },
    "metrics": {
        "http_req_duration{expected_response:true}": {
            "min": 0.338246,
            "med": 20.665202999999998,
            "max": 4930.604644,
            "p(90)": 47.505277299999996,
            "p(95)": 54.94103744999999,
            "avg": 102.72534157551043
        },
        "vus": {
            "min": 3,
            "max": 499,
            "value": 3
        },
        "http_req_tls_handshaking": {
            "med": 0,
            "max": 0,
            "p(90)": 0,
            "p(95)": 0,
            "avg": 0,
            "min": 0
        },
        "iterations": {
            "count": 58570,
            "rate": 732.114783621889
        },
        "http_req_failed": {
            "passes": 0,
            "fails": 175710,
            "thresholds": {
                "rate<0.01": false
            },
            "value": 0
        },
        "data_sent": {
            "count": 19152390,
            "rate": 239401.5342443577
        },
        "http_req_duration": {
            "med": 20.665202999999998,
            "max": 4930.604644,
            "p(90)": 47.505277299999996,
            "p(95)": 54.94103744999999,
            "avg": 102.72534157551043,
            "min": 0.338246,
            "thresholds": {
                "p(95)<500": false
            }
        },
        "http_req_connecting": {
            "p(90)": 0,
            "p(95)": 0,
            "avg": 0.0007571835012236065,
            "min": 0,
            "med": 0,
            "max": 9.887417
        },
        "http_req_receiving": {
            "avg": 0.08507077358147097,
            "min": 0.016088,
            "med": 0.044619,
            "max": 24.96022,
            "p(90)": 0.06914650000000003,
            "p(95)": 0.15803974999999995
        },
        "vus_max": {
            "max": 500,
            "value": 500,
            "min": 500
        },
        "http_reqs": {
            "count": 175710,
            "rate": 2196.344350865667
        },
        "http_req_blocked": {
            "max": 15.106593,
            "p(90)": 0.005654,
            "p(95)": 0.006548,
            "avg": 0.007061063388538145,
            "min": 0.001813,
            "med": 0.004421
        },
        "http_req_waiting": {
            "med": 20.5537075,
            "max": 4930.536267,
            "p(90)": 47.322681,
            "p(95)": 54.75995914999997,
            "avg": 102.61432123070296,
            "min": 0.292795
        },
        "checks": {
            "fails": 0,
            "passes": 175710,
            "value": 1
        },
        "data_received": {
            "count": 517524295,
            "rate": 6468963.415622259
        },
        "iteration_duration": {
            "avg": 308.63099696378595,
            "min": 3.435128,
            "med": 65.933972,
            "max": 5050.261826,
            "p(90)": 155.0835724,
            "p(95)": 3951.0065059999997
        },
        "http_req_sending": {
            "med": 0.013067,
            "max": 25.271192,
            "p(90)": 0.018724100000000007,
            "p(95)": 0.026258549999999988,
            "avg": 0.02594957122531437,
            "min": 0.005527
        }
    }
}