{
    "metrics": {
        "http_req_sending": {
            "p(90)": 0.018627,
            "p(95)": 0.02614504999999999,
            "avg": 0.023496066127274184,
            "min": 0.005702,
            "med": 0.013026,
            "max": 15.20788
        },
        "http_req_tls_handshaking": {
            "min": 0,
            "med": 0,
            "max": 0,
            "p(90)": 0,
            "p(95)": 0,
            "avg": 0
        },
        "http_reqs": {
            "count": 183540,
            "rate": 2195.914639741391
        },
        "http_req_blocked": {
            "min": 0.001946,
            "med": 0.004424,
            "max": 9.047838,
            "p(90)": 0.005634,
            "p(95)": 0.00653,
            "avg": 0.0068099336275472076
        },
        "data_sent": {
            "count": 20005860,
            "rate": 239354.69573181163
        },
        "http_req_duration": {
            "p(90)": 46.8294192,
            "p(95)": 53.38553409999999,
            "avg": 97.84017524802638,
            "min": 0.295956,
            "med": 20.2098415,
            "max": 5083.244157,
            "thresholds": {
                "p(95)<500": false
            }
        },
        "http_req_failed": {
            "passes": 0,
            "fails": 183540,
            "thresholds": {
                "rate<0.01": false
            },
            "value": 0
        },
        "iteration_duration": {
            "min": 3.357051,
            "med": 60.805357,
            "max": 5106.46651,
            "p(90)": 152.5821684,
            "p(95)": 3988.6828699999996,
            "avg": 293.96084395431296
        },
        "vus": {
            "min": 5,
            "max": 500,
            "value": 19
        },
        "http_req_connecting": {
            "min": 0,
            "med": 0,
            "max": 6.125566,
            "p(90)": 0,
            "p(95)": 0,
            "avg": 0.0007230735262068215
        },
        "iterations": {
            "count": 61180,
            "rate": 731.9715465804637
        },
        "checks": {
            "passes": 183540,
            "fails": 0,
            "value": 1
        },
        "http_req_receiving": {
            "max": 20.664086,
            "p(90)": 0.06822840000000002,
            "p(95)": 0.1496965499999994,
            "avg": 0.07697722929061787,
            "min": 0.015786,
            "med": 0.0444475
        },
        "http_req_waiting": {
            "p(95)": 53.26405414999999,
            "avg": 97.7397019526097,
            "min": 0.263493,
            "med": 20.092095999999998,
            "max": 5083.169908,
            "p(90)": 46.702614800000006
        },
        "data_received": {
            "count": 540586170,
            "rate": 6467696.876673905
        },
        "http_req_duration{expected_response:true}": {
            "max": 5083.244157,
            "p(90)": 46.8294192,
            "p(95)": 53.38553409999999,
            "avg": 97.84017524802638,
            "min": 0.295956,
            "med": 20.2098415
        },
        "vus_max": {
            "value": 500,
            "min": 500,
            "max": 500
        }
    },
    "root_group": {
        "groups": {},
        "checks": {
                "hello: status 200": {
                    "passes": 61180,
                    "fails": 0,
                    "name": "hello: status 200",
                    "path": "::hello: status 200",
                    "id": "7058b50c81b6576ebc0a925161dc4c75"
                },
                "users: status 200": {
                    "name": "users: status 200",
                    "path": "::users: status 200",
                    "id": "6602b84c5a5775f2fd4994c761780b2a",
                    "passes": 61180,
                    "fails": 0
                },
                "search: status 200": {
                    "name": "search: status 200",
                    "path": "::search: status 200",
                    "id": "cd68838b4cc6f7786becc08340f51f71",
                    "passes": 61180,
                    "fails": 0
                }
            },
        "name": "",
        "path": "",
        "id": "d41d8cd98f00b204e9800998ecf8427e"
    }
}