{
    "root_group": {
        "name": "",
        "path": "",
        "id": "d41d8cd98f00b204e9800998ecf8427e",
        "groups": {},
        "checks": {
                "hello: status 200": {
                    "name": "hello: status 200",
                    "path": "::hello: status 200",
                    "id": "7058b50c81b6576ebc0a925161dc4c75",
                    "passes": 60214,
                    "fails": 0
                },
                "users: status 200": {
                    "id": "6602b84c5a5775f2fd4994c761780b2a",
                    "passes": 60214,
                    "fails": 0,
                    "name": "users: status 200",
                    "path": "::users: status 200"
                },
                "search: status 200": {
                    "passes": 60214,
                    "fails": 0,
                    "name": "search: status 200",
                    "path": "::search: status 200",
                    "id": "cd68838b4cc6f7786becc08340f51f71"
                }
            }
    },
    "metrics": {
        "iteration_duration": {
            "p(95)": 3989.2405463,
            "avg": 298.7832445934523,
            "min": 3.443021,
            "med": 59.2771285,
            "max": 5064.307171,
            "p(90)": 152.7860655000001
        },
        "http_req_receiving": {
            "avg": 0.08846168797953902,
            "min": 0.014979,
            "med": 0.04428,
            "max": 46.49705,
            "p(90)": 0.0695798,
            "p(95)": 0.16791689999999998
        },
        "data_received": {
            "count": 532050609,
            "rate": 6395146.945829718
        },
        "iterations": {
            "count": 60214,
            "rate": 723.7608071156078
        },
        "http_reqs": {
            "count": 180642,
            "rate": 2171.2824213468234
        },
        "vus_max": {
            "min": 500,
            "max": 500,
            "value": 500
        },
        "http_req_duration{expected_response:true}": {
            "min": 0.342991,
            "med": 19.9244805,
            "max": 4990.836246,
            "p(90)": 47.3583129,
            "p(95)": 54.6419916,
            "avg": 99.4381412407304
        },
        "checks": {
            "passes": 180642,
            "fails": 0,
            "value": 1
        },
        "vus": {
            "value": 40,
            "min": 5,
            "max": 500
        },
        "http_req_duration": {
            "avg": 99.4381412407304,
            "min": 0.342991,
            "med": 19.9244805,
            "max": 4990.836246,
            "p(90)": 47.3583129,
            "p(95)": 54.6419916,
            "thresholds": {
                "p(95)<500": false
            }
        },
        "http_req_tls_handshaking": {
            "avg": 0,
            "min": 0,
            "med": 0,
            "max": 0,
            "p(90)": 0,
            "p(95)": 0
        },
        "http_req_waiting": {
            "avg": 99.32171838861227,
            "min": 0.294052,
            "med": 19.812541500000002,
            "max": 4990.785248,
            "p(90)": 47.2037894,
            "p(95)": 54.4545525
        },
        "http_req_blocked": {
            "p(90)": 0.005656,
            "p(95)": 0.006552,
            "avg": 0.007050047392079393,
            "min": 0.001766,
            "med": 0.004408,
            "max": 25.859834
        },
        "http_req_failed": {
            "fails": 180642,
            "passes": 0,
            "thresholds": {
                "rate<0.01": false
            },
            "value": 0
        },
        "data_sent": {
            "count": 19689978,
            "rate": 236669.78392680376
        },
        "http_req_connecting": {
            "avg": 0.0008244314389787544,
            "min": 0,
            "med": 0,
            "max": 5.592537,
            "p(90)": 0,
            "p(95)": 0
        },
        "http_req_sending": {
            "med": 0.013046,
            "max": 30.909207,
            "p(90)": 0.018734,
            "p(95)": 0.02656594999999998,
            "avg": 0.027961164136800984,
            "min": 0.005741
        }
    }
}