{
    "metrics": {
        "http_req_duration{expected_response:true}": {
            "p(90)": 28.8753376,
            "p(95)": 32.38503569999999,
            "avg": 89.18020024554022,
            "min": 0.723719,
            "med": 20.923911,
            "max": 3979.866325
        },
        "http_req_blocked": {
            "avg": 0.009133026868396983,
            "min": 0.00199,
            "med": 0.004499,
            "max": 15.673872,
            "p(90)": 0.006053800000000003,
            "p(95)": 0.006992
        },
        "http_req_connecting": {
            "p(90)": 0,
            "p(95)": 0,
            "avg": 0.0008178863382751469,
            "min": 0,
            "med": 0,
            "max": 3.516135
        },
        "http_req_sending": {
            "avg": 0.04744833672449045,
            "min": 0.005977,
            "med": 0.013283,
            "max": 29.988199,
            "p(90)": 0.0222678,
            "p(95)": 0.04587929999999897
        },
        "data_sent": {
            "rate": 243703.5257180879,
            "count": 7521327
        },
        "http_req_receiving": {
            "min": 0.017855,
            "med": 0.045679,
            "max": 35.728955,
            "p(90)": 0.11239840000000002,
            "p(95)": 0.3844499999999997,
            "avg": 0.20161886984623656
        },
        "http_reqs": {
            "rate": 2235.8121625512654,
            "count": 69003
        },
        "checks": {
            "passes": 69003,
            "fails": 0,
            "value": 1
        },
        "http_req_tls_handshaking": {
            "med": 0,
            "max": 0,
            "p(90)": 0,
            "p(95)": 0,
            "avg": 0,
            "min": 0
        },
        "vus_max": {
            "value": 200,
            "min": 200,
            "max": 200
        },
        "iterations": {
            "count": 23001,
            "rate": 745.2707208504218
        },
        "http_req_waiting": {
            "p(95)": 31.7944286,
            "avg": 88.93113303896796,
            "min": 0.665389,
            "med": 20.786348,
            "max": 3979.591561,
            "p(90)": 28.490177400000004
        },
        "http_req_duration": {
            "p(90)": 28.8753376,
            "p(95)": 32.38503569999999,
            "avg": 89.18020024554022,
            "min": 0.723719,
            "med": 20.923911,
            "max": 3979.866325,
            "thresholds": {
                "p(95)<500": false
            }
        },
        "http_req_failed": {
            "passes": 0,
            "fails": 69003,
            "thresholds": {
                "rate<0.01": false
            },
            "value": 0
        },
        "data_received": {
            "count": 203236836,
            "rate": 6585212.089434327
        },
        "iteration_duration": {
            "min": 14.778387,
            "med": 64.507761,
            "max": 4036.482775,
            "p(90)": 80.109244,
            "p(95)": 3677.35831,
            "avg": 268.17216474418404
        },
        "vus": {
            "value": 200,
            "min": 200,
            "max": 200
        }
    },
    "root_group": {
        "path": "",
        "id": "d41d8cd98f00b204e9800998ecf8427e",
        "groups": {},
        "checks": {
                "hello: status 200": {
                    "name": "hello: status 200",
                    "path": "::hello: status 200",
                    "id": "7058b50c81b6576ebc0a925161dc4c75",
                    "passes": 23001,
                    "fails": 0
                },
                "users: status 200": {
                    "name": "users: status 200",
                    "path": "::users: status 200",
                    "id": "6602b84c5a5775f2fd4994c761780b2a",
                    "passes": 23001,
                    "fails": 0
                },
                "search: status 200": {
                    "name": "search: status 200",
                    "path": "::search: status 200",
                    "id": "cd68838b4cc6f7786becc08340f51f71",
                    "passes": 23001,
                    "fails": 0
                }
            },
        "name": ""
    }
}