{
    "root_group": {
        "name": "",
        "path": "",
        "id": "d41d8cd98f00b204e9800998ecf8427e",
        "groups": {},
        "checks": {
                "hello: status 200": {
                    "fails": 0,
                    "name": "hello: status 200",
                    "path": "::hello: status 200",
                    "id": "7058b50c81b6576ebc0a925161dc4c75",
                    "passes": 22987
                },
                "users: status 200": {
                    "passes": 22987,
                    "fails": 0,
                    "name": "users: status 200",
                    "path": "::users: status 200",
                    "id": "6602b84c5a5775f2fd4994c761780b2a"
                },
                "search: status 200": {
                    "id": "cd68838b4cc6f7786becc08340f51f71",
                    "passes": 22987,
                    "fails": 0,
                    "name": "search: status 200",
                    "path": "::search: status 200"
                }
            }
    },
    "metrics": {
        "http_req_duration{expected_response:true}": {
            "avg": 91.25520749399054,
            "min": 0.812756,
            "med": 20.916146,
            "max": 4844.25849,
            "p(90)": 28.526934,
            "p(95)": 32.271102
        },
        "vus_max": {
            "value": 200,
            "min": 200,
            "max": 200
        },
        "http_req_duration": {
            "avg": 91.25520749399054,
            "min": 0.812756,
            "med": 20.916146,
            "max": 4844.25849,
            "p(90)": 28.526934,
            "p(95)": 32.271102,
            "thresholds": {
                "p(95)<500": false
            }
        },
        "vus": {
            "value": 200,
            "min": 200,
            "max": 200
        },
        "http_reqs": {
            "rate": 2185.6752827871815,
            "count": 68961
        },
        "http_req_tls_handshaking": {
            "p(90)": 0,
            "p(95)": 0,
            "avg": 0,
            "min": 0,
            "med": 0,
            "max": 0
        },
        "http_req_blocked": {
            "med": 0.004471,
            "max": 14.534816,
            "p(90)": 0.005974,
            "p(95)": 0.006892,
            "avg": 0.009114903351169408,
            "min": 0.001828
        },
        "http_req_receiving": {
            "min": 0.017867,
            "med": 0.045298,
            "max": 37.131468,
            "p(90)": 0.099539,
            "p(95)": 0.328831,
            "avg": 0.16486995181334405
        },
        "data_sent": {
            "count": 7516749,
            "rate": 238238.60582380276
        },
        "checks": {
            "fails": 0,
            "passes": 68961,
            "value": 1
        },
        "iterations": {
            "count": 22987,
            "rate": 728.5584275957272
        },
        "iteration_duration": {
            "med": 64.404606,
            "max": 4879.502994,
            "p(90)": 80.68353840000002,
            "p(95)": 3683.9565866,
            "avg": 274.3247291516942,
            "min": 11.965826
        },
        "data_received": {
            "count": 203113132,
            "rate": 6437542.266235844
        },
        "http_req_connecting": {
            "p(95)": 0,
            "avg": 0.0009109471150360347,
            "min": 0,
            "med": 0,
            "max": 3.789496,
            "p(90)": 0
        },
        "http_req_failed": {
            "fails": 68961,
            "passes": 0,
            "thresholds": {
                "rate<0.01": false
            },
            "value": 0
        },
        "http_req_sending": {
            "p(95)": 0.042479,
            "avg": 0.0420949259291483,
            "min": 0.005775,
            "med": 0.01319,
            "max": 20.146724,
            "p(90)": 0.021756
        },
        "http_req_waiting": {
            "p(90)": 28.152825,
            "p(95)": 31.794025,
            "avg": 91.04824261624745,
            "min": 0.697152,
            "med": 20.782618,
            "max": 4837.131578
        }
    }
}