{
    "metrics": {
        "http_req_failed": {
            "passes": 0,
            "fails": 68982,
            "thresholds": {
                "rate<0.01": false
            },
            "value": 0
        },
        "vus": {
            "value": 200,
            "min": 200,
            "max": 200
        },
        "http_req_tls_handshaking": {
            "avg": 0,
            "min": 0,
            "med": 0,
            "max": 0,
            "p(90)": 0,
            "p(95)": 0
        },
        "vus_max": {
            "value": 200,
            "min": 200,
            "max": 200
        },
        "data_received": {
            "count": 203174984,
            "rate": 6513703.381689484
        },
        "http_req_sending": {
            "avg": 0.038471131425589125,
            "min": 0.00519,
            "med": 0.013208,
            "max": 19.338187,
            "p(90)": 0.0199239,
            "p(95)": 0.029532749999999986
        },
        "data_sent": {
            "count": 7519038,
            "rate": 241057.15321553434
        },
        "http_req_duration": {
            "p(95)": 31.189786149999996,
            "avg": 90.16588605081074,
            "min": 0.817427,
            "med": 20.5354905,
            "max": 4812.172584,
            "p(90)": 27.4487367,
            "thresholds": {
                "p(95)<500": false
            }
        },
        "checks": {
            "passes": 68982,
            "fails": 0,
            "value": 1
        },
        "http_req_blocked": {
            "avg": 0.010208964744426034,
            "min": 0.00191,
            "med": 0.004485,
            "max": 11.720626,
            "p(90)": 0.00588,
            "p(95)": 0.006771949999999997
        },
        "iterations": {
            "count": 22994,
            "rate": 737.1778385796157
        },
        "http_reqs": {
            "count": 68982,
            "rate": 2211.533515738847
        },
        "http_req_duration{expected_response:true}": {
            "med": 20.5354905,
            "max": 4812.172584,
            "p(90)": 27.4487367,
            "p(95)": 31.189786149999996,
            "avg": 90.16588605081074,
            "min": 0.817427
        },
        "http_req_receiving": {
            "avg": 0.1812356907454104,
            "min": 0.016716,
            "med": 0.045416,
            "max": 35.550501,
            "p(90)": 0.0772896,
            "p(95)": 0.22265385
        },
        "iteration_duration": {
            "avg": 271.02490156484305,
            "min": 17.678474,
            "med": 62.9819465,
            "max": 4851.540829,
            "p(90)": 77.10201950000001,
            "p(95)": 3434.34789195
        },
        "http_req_connecting": {
            "avg": 0.0017091677249137442,
            "min": 0,
            "med": 0,
            "max": 6.79399,
            "p(90)": 0,
            "p(95)": 0
        },
        "http_req_waiting": {
            "max": 4812.102011,
            "p(90)": 27.1009241,
            "p(95)": 30.53364185,
            "avg": 89.94617922863955,
            "min": 0.599114,
            "med": 20.426269
        }
    },
    "root_group": {
        "name": "",
        "path": "",
        "id": "d41d8cd98f00b204e9800998ecf8427e",
        "groups": {},
        "checks": {
                "hello: status 200": {
                    "path": "::hello: status 200",
                    "id": "7058b50c81b6576ebc0a925161dc4c75",
                    "passes": 22994,
                    "fails": 0,
                    "name": "hello: status 200"
                },
                "users: status 200": {
                    "name": "users: status 200",
                    "path": "::users: status 200",
                    "id": "6602b84c5a5775f2fd4994c761780b2a",
                    "passes": 22994,
                    "fails": 0
                },
                "search: status 200": {
                    "name": "search: status 200",
                    "path": "::search: status 200",
                    "id": "cd68838b4cc6f7786becc08340f51f71",
                    "passes": 22994,
                    "fails": 0
                }
            }
    }
}