{
    "root_group": {
        "name": "",
        "path": "",
        "id": "d41d8cd98f00b204e9800998ecf8427e",
        "groups": {},
        "checks": {
                "hello: status 200": {
                    "name": "hello: status 200",
                    "path": "::hello: status 200",
                    "id": "7058b50c81b6576ebc0a925161dc4c75",
                    "passes": 197620,
                    "fails": 2
                },
                "users: status 200": {
                    "name": "users: status 200",
                    "path": "::users: status 200",
                    "id": "6602b84c5a5775f2fd4994c761780b2a",
                    "passes": 197622,
                    "fails": 0
                },
                "search: status 200": {
                    "name": "search: status 200",
                    "path": "::search: status 200",
                    "id": "cd68838b4cc6f7786becc08340f51f71",
                    "passes": 197139,
                    "fails": 483
                }
            }
    },
    "metrics": {
        "data_received": {
            "count": 1744083479,
            "rate": 21800290.599476445
        },
        "http_req_blocked": {
            "p(90)": 0.005018,
            "p(95)": 0.005663,
            "avg": 0.004897081797572979,
            "min": 0.001925,
            "med": 0.004188,
            "max": 7.469532
        },
        "iterations": {
            "count": 197622,
            "rate": 2470.18969030079
        },
        "http_req_duration{expected_response:true}": {
            "med": 18.163859,
            "max": 113.338708,
            "p(90)": 79.811678,
            "p(95)": 90.04955,
            "avg": 29.01468465624703,
            "min": 0.300098
        },
        "checks": {
            "passes": 592381,
            "fails": 485,
            "value": 0.9991819399324636
        },
        "http_req_tls_handshaking": {
            "med": 0,
            "max": 0,
            "p(90)": 0,
            "p(95)": 0,
            "avg": 0,
            "min": 0
        },
        "data_sent": {
            "count": 64672713,
            "rate": 808380.9945065927
        },
        "http_req_failed": {
            "passes": 485,
            "fails": 592381,
            "thresholds": {
                "rate<0.01": false
            },
            "value": 0.0008180600675363405
        },
        "vus": {
            "value": 2,
            "min": 2,
            "max": 499
        },
        "http_req_duration": {
            "avg": 28.99118466136917,
            "min": 0,
            "med": 18.111016,
            "max": 113.338708,
            "p(90)": 79.7945535,
            "p(95)": 90.04030175,
            "thresholds": {
                "p(95)<500": false
            }
        },
        "vus_max": {
            "value": 500,
            "min": 500,
            "max": 500
        },
        "http_reqs": {
            "count": 592866,
            "rate": 7410.56907090237
        },
        "http_req_connecting": {
            "med": 0,
            "max": 7.3799,
            "p(90)": 0,
            "p(95)": 0,
            "avg": 0.00035339291678052027,
            "min": 0
        },
        "http_req_waiting": {
            "max": 113.273263,
            "p(90)": 79.733926,
            "p(95)": 89.98218625000001,
            "avg": 28.932936323861142,
            "min": 0,
            "med": 18.0441455
        },
        "http_req_sending": {
            "min": 0,
            "med": 0.012223,
            "max": 5.806986,
            "p(90)": 0.01774,
            "p(95)": 0.02070775,
            "avg": 0.01385084757938609
        },
        "http_req_receiving": {
            "p(95)": 0.061956,
            "avg": 0.044397489928585276,
            "min": 0,
            "med": 0.041848,
            "max": 7.661189,
            "p(90)": 0.056565
        },
        "iteration_duration": {
            "med": 80.244359,
            "max": 217.596932,
            "p(90)": 173.98832119999997,
            "p(95)": 187.63475634999995,
            "avg": 87.27270423689151,
            "min": 3.155997
        }
    }
}