{
    "metrics": {
        "http_req_receiving": {
            "med": 0.039813,
            "max": 8.519235,
            "p(90)": 0.055711,
            "p(95)": 0.0623345,
            "avg": 0.0429353417953407,
            "min": 0.014598
        },
        "checks": {
            "passes": 203616,
            "fails": 0,
            "value": 1
        },
        "http_req_duration": {
            "med": 2.1065614999999998,
            "max": 71.694011,
            "p(90)": 49.5685735,
            "p(95)": 52.835326,
            "avg": 16.40657845529838,
            "min": 0.29692,
            "thresholds": {
                "p(95)<2000": false
            }
        },
        "http_req_failed": {
            "passes": 0,
            "fails": 203616,
            "thresholds": {
                "rate<0.05": false
            },
            "value": 0
        },
        "vus_max": {
            "value": 500,
            "min": 500,
            "max": 500
        },
        "data_received": {
            "count": 599716742,
            "rate": 7986946.560009813
        },
        "iteration_duration": {
            "avg": 149.67184914512586,
            "min": 103.118117,
            "med": 136.569455,
            "max": 238.485415,
            "p(90)": 203.4536505,
            "p(95)": 208.94384365
        },
        "http_req_blocked": {
            "p(95)": 0.006272,
            "avg": 0.005104416951516565,
            "min": 0.002048,
            "med": 0.004195,
            "max": 8.943556,
            "p(90)": 0.005614
        },
        "http_req_connecting": {
            "avg": 0.0004683556449394934,
            "min": 0,
            "med": 0,
            "max": 8.859457,
            "p(90)": 0,
            "p(95)": 0
        },
        "http_req_tls_handshaking": {
            "avg": 0,
            "min": 0,
            "med": 0,
            "max": 0,
            "p(90)": 0,
            "p(95)": 0
        },
        "data_sent": {
            "count": 22194144,
            "rate": 295578.6117993058
        },
        "vus": {
            "value": 2,
            "min": 2,
            "max": 500
        },
        "http_reqs": {
            "count": 203616,
            "rate": 2711.73038347987
        },
        "http_req_sending": {
            "p(95)": 0.021084,
            "avg": 0.013592445760647498,
            "min": 0.005469,
            "med": 0.011978,
            "max": 4.149457,
            "p(90)": 0.017666
        },
        "http_req_duration{expected_response:true}": {
            "min": 0.29692,
            "med": 2.1065614999999998,
            "max": 71.694011,
            "p(90)": 49.5685735,
            "p(95)": 52.835326,
            "avg": 16.40657845529838
        },
        "iterations": {
            "count": 67872,
            "rate": 903.9101278266232
        },
        "http_req_waiting": {
            "avg": 16.350050667742046,
            "min": 0.267797,
            "med": 2.0524525000000002,
            "max": 71.164351,
            "p(90)": 49.507369499999996,
            "p(95)": 52.76666975
        }
    },
    "root_group": {
        "groups": {},
        "checks": {
                "hello: status 200": {
                    "id": "7058b50c81b6576ebc0a925161dc4c75",
                    "passes": 67872,
                    "fails": 0,
                    "name": "hello: status 200",
                    "path": "::hello: status 200"
                },
                "users: status 200": {
                    "id": "6602b84c5a5775f2fd4994c761780b2a",
                    "passes": 67872,
                    "fails": 0,
                    "name": "users: status 200",
                    "path": "::users: status 200"
                },
                "search: status 200": {
                    "name": "search: status 200",
                    "path": "::search: status 200",
                    "id": "cd68838b4cc6f7786becc08340f51f71",
                    "passes": 67872,
                    "fails": 0
                }
            },
        "name": "",
        "path": "",
        "id": "d41d8cd98f00b204e9800998ecf8427e"
    }
}