{
    "root_group": {
        "name": "",
        "path": "",
        "id": "d41d8cd98f00b204e9800998ecf8427e",
        "groups": {},
        "checks": {
                "hello: status 200": {
                    "name": "hello: status 200",
                    "path": "::hello: status 200",
                    "id": "7058b50c81b6576ebc0a925161dc4c75",
                    "passes": 40611,
                    "fails": 2888
                },
                "users: status 200": {
                    "path": "::users: status 200",
                    "id": "6602b84c5a5775f2fd4994c761780b2a",
                    "passes": 40651,
                    "fails": 2848,
                    "name": "users: status 200"
                },
                "search: status 200": {
                    "name": "search: status 200",
                    "path": "::search: status 200",
                    "id": "cd68838b4cc6f7786becc08340f51f71",
                    "passes": 40699,
                    "fails": 2800
                }
            }
    },
    "metrics": {
        "http_req_blocked": {
            "avg": 0.005547535353303151,
            "min": 0.002017,
            "med": 0.004382,
            "max": 4.028837,
            "p(90)": 0.005265,
            "p(95)": 0.006031
        },
        "iteration_duration": {
            "min": 9.772238,
            "med": 111.400701,
            "max": 2212.307872,
            "p(90)": 196.6047988,
            "p(95)": 251.29603519999995,
            "avg": 138.0623419868261
        },
        "http_req_duration": {
            "p(95)": 103.2855562,
            "avg": 45.91548034402378,
            "min": 0.327619,
            "med": 39.03479,
            "max": 1804.168218,
            "p(90)": 91.05254960000005,
            "thresholds": {
                "p(95)<500": false
            }
        },
        "data_received": {
            "count": 362073404,
            "rate": 12046036.612928286
        },
        "http_req_failed": {
            "passes": 8536,
            "fails": 121961,
            "thresholds": {
                "rate<0.01": true
            },
            "value": 0.06541146539767198
        },
        "http_reqs": {
            "count": 130497,
            "rate": 4341.582735740796
        },
        "vus_max": {
            "value": 200,
            "min": 200,
            "max": 200
        },
        "iterations": {
            "count": 43499,
            "rate": 1447.194245246932
        },
        "checks": {
            "passes": 121961,
            "fails": 8536,
            "value": 0.934588534602328
        },
        "http_req_connecting": {
            "max": 2.172351,
            "p(90)": 0,
            "p(95)": 0,
            "avg": 0.00047792817459405197,
            "min": 0,
            "med": 0
        },
        "http_req_sending": {
            "min": 0.005829,
            "med": 0.012635,
            "max": 8.319197,
            "p(90)": 0.018971,
            "p(95)": 0.0221262,
            "avg": 0.015121373349579066
        },
        "http_req_duration{expected_response:true}": {
            "p(95)": 104.702093,
            "avg": 47.476382408705035,
            "min": 0.327619,
            "med": 39.960332,
            "max": 1804.168218,
            "p(90)": 92.245089
        },
        "http_req_tls_handshaking": {
            "med": 0,
            "max": 0,
            "p(90)": 0,
            "p(95)": 0,
            "avg": 0,
            "min": 0
        },
        "data_sent": {
            "count": 14224173,
            "rate": 473232.51819574676
        },
        "http_req_waiting": {
            "avg": 45.85179541260663,
            "min": 0.2818,
            "med": 38.977204,
            "max": 1804.112616,
            "p(90)": 90.983897,
            "p(95)": 103.21757459999999
        },
        "http_req_receiving": {
            "avg": 0.0485635580664691,
            "min": 0.013821,
            "med": 0.044467,
            "max": 12.240193,
            "p(90)": 0.060963,
            "p(95)": 0.0681164
        },
        "vus": {
            "value": 200,
            "min": 200,
            "max": 200
        }
    }
}