{
    "root_group": {
        "groups": {},
        "checks": {
                "hello: status 200": {
                    "passes": 22405,
                    "fails": 7,
                    "name": "hello: status 200",
                    "path": "::hello: status 200",
                    "id": "7058b50c81b6576ebc0a925161dc4c75"
                },
                "users: status 200": {
                    "fails": 1,
                    "name": "users: status 200",
                    "path": "::users: status 200",
                    "id": "6602b84c5a5775f2fd4994c761780b2a",
                    "passes": 22411
                },
                "search: status 200": {
                    "fails": 1,
                    "name": "search: status 200",
                    "path": "::search: status 200",
                    "id": "cd68838b4cc6f7786becc08340f51f71",
                    "passes": 22411
                }
            },
        "name": "",
        "path": "",
        "id": "d41d8cd98f00b204e9800998ecf8427e"
    },
    "metrics": {
        "http_req_blocked": {
            "max": 11.252715,
            "p(90)": 0.005905,
            "p(95)": 0.121296,
            "avg": 0.01330410519662097,
            "min": 0.001974,
            "med": 0.0038335
        },
        "vus": {
            "min": 2,
            "max": 500,
            "value": 2
        },
        "http_req_sending": {
            "med": 0.011647,
            "max": 3.460427,
            "p(90)": 0.020227000000000002,
            "p(95)": 0.027022749999999998,
            "avg": 0.013608569412219617,
            "min": 0.00591
        },
        "data_received": {
            "count": 198739584,
            "rate": 2648038.882282241
        },
        "iterations": {
            "count": 22412,
            "rate": 298.62117166205593
        },
        "http_req_duration{expected_response:true}": {
            "med": 11.162154,
            "max": 4020.160598,
            "p(90)": 538.2424510000001,
            "p(95)": 691.9857571999999,
            "avg": 120.0085529050368,
            "min": 0.54104
        },
        "checks": {
            "passes": 67227,
            "fails": 9,
            "value": 0.9998661431376048
        },
        "iteration_duration": {
            "avg": 460.68191727913376,
            "min": 106.413416,
            "med": 148.807786,
            "max": 4891.761597,
            "p(90)": 1365.0572432000001,
            "p(95)": 1721.2941349000002
        },
        "http_req_duration": {
            "max": 4020.160598,
            "p(90)": 538.2272370000001,
            "p(95)": 691.9553030000001,
            "avg": 119.99255088830252,
            "min": 0.206548,
            "med": 11.156895500000001,
            "thresholds": {
                "p(95)<2000": false
            }
        },
        "http_reqs": {
            "count": 67236,
            "rate": 895.8635149861678
        },
        "data_sent": {
            "count": 7328994,
            "rate": 97652.7206578698
        },
        "http_req_connecting": {
            "avg": 0.007082826030697822,
            "min": 0,
            "med": 0,
            "max": 11.199467,
            "p(90)": 0,
            "p(95)": 0.08996900000000001
        },
        "vus_max": {
            "min": 500,
            "max": 500,
            "value": 500
        },
        "http_req_failed": {
            "passes": 9,
            "fails": 67227,
            "thresholds": {
                "rate<0.05": false
            },
            "value": 0.00013385686239514546
        },
        "http_req_tls_handshaking": {
            "p(95)": 0,
            "avg": 0,
            "min": 0,
            "med": 0,
            "max": 0,
            "p(90)": 0
        },
        "http_req_waiting": {
            "avg": 119.93830956005655,
            "min": 0.171216,
            "med": 11.0995645,
            "max": 4020.116211,
            "p(90)": 538.1724595000001,
            "p(95)": 691.9003457499999
        },
        "http_req_receiving": {
            "p(95)": 0.059229,
            "avg": 0.0406327588345529,
            "min": 0,
            "med": 0.038457,
            "max": 0.796998,
            "p(90)": 0.053752
        }
    }
}