{
    "metrics": {
        "checks": {
            "passes": 246286,
            "fails": 29,
            "value": 0.9998822645799078
        },
        "iteration_duration": {
            "p(90)": 422.0182244,
            "p(95)": 457.69456360000004,
            "avg": 210.47739295989186,
            "min": 12.216788,
            "med": 181.171728,
            "max": 848.639977
        },
        "http_req_blocked": {
            "p(90)": 0.00504,
            "p(95)": 0.005574,
            "avg": 0.005451760924020257,
            "min": 0.00192,
            "med": 0.004293,
            "max": 10.718375
        },
        "http_req_receiving": {
            "p(90)": 0.0622496,
            "p(95)": 0.07290559999999997,
            "avg": 0.051616260978827114,
            "min": 0,
            "med": 0.045972,
            "max": 7.430699
        },
        "http_reqs": {
            "rate": 3078.5184874279726,
            "count": 246315
        },
        "http_req_sending": {
            "avg": 0.01502380369445617,
            "min": 0,
            "med": 0.012546,
            "max": 5.567878,
            "p(90)": 0.018809600000000006,
            "p(95)": 0.022320299999999987
        },
        "http_req_failed": {
            "passes": 29,
            "fails": 246286,
            "thresholds": {
                "rate<0.01": false
            },
            "value": 0.00011773542009215842
        },
        "http_req_tls_handshaking": {
            "min": 0,
            "med": 0,
            "max": 0,
            "p(90)": 0,
            "p(95)": 0,
            "avg": 0
        },
        "data_sent": {
            "rate": 335599.19709248753,
            "count": 26851590
        },
        "http_req_waiting": {
            "avg": 69.980423261381,
            "min": 0,
            "med": 54.952003,
            "max": 596.557766,
            "p(90)": 166.0286314,
            "p(95)": 186.40681669999998
        },
        "http_req_connecting": {
            "avg": 0.0005806537279499832,
            "min": 0,
            "med": 0,
            "max": 10.645552,
            "p(90)": 0,
            "p(95)": 0
        },
        "data_received": {
            "count": 777079008,
            "rate": 9712165.691574566
        },
        "iterations": {
            "count": 82105,
            "rate": 1026.1728291426575
        },
        "vus_max": {
            "min": 500,
            "max": 500,
            "value": 500
        },
        "http_req_duration{expected_response:true}": {
            "max": 596.611498,
            "p(90)": 166.1019925,
            "p(95)": 186.47622175,
            "avg": 70.05527107603757,
            "min": 0.302429,
            "med": 55.0298645
        },
        "vus": {
            "value": 3,
            "min": 3,
            "max": 499
        },
        "http_req_duration": {
            "avg": 70.04706332605399,
            "min": 0,
            "med": 55.017463,
            "max": 596.611498,
            "p(90)": 166.09993300000002,
            "p(95)": 186.4744413,
            "thresholds": {
                "p(95)<500": false
            }
        }
    },
    "root_group": {
        "name": "",
        "path": "",
        "id": "d41d8cd98f00b204e9800998ecf8427e",
        "groups": {},
        "checks": {
                "hello: status 200": {
                    "path": "::hello: status 200",
                    "id": "7058b50c81b6576ebc0a925161dc4c75",
                    "passes": 82103,
                    "fails": 2,
                    "name": "hello: status 200"
                },
                "users: status 200": {
                    "passes": 82105,
                    "fails": 0,
                    "name": "users: status 200",
                    "path": "::users: status 200",
                    "id": "6602b84c5a5775f2fd4994c761780b2a"
                },
                "search: status 200": {
                    "name": "search: status 200",
                    "path": "::search: status 200",
                    "id": "cd68838b4cc6f7786becc08340f51f71",
                    "passes": 82078,
                    "fails": 27
                }
            }
    }
}