{
    "root_group": {
        "name": "",
        "path": "",
        "id": "d41d8cd98f00b204e9800998ecf8427e",
        "groups": {},
        "checks": {
                "hello: status 200": {
                    "path": "::hello: status 200",
                    "id": "7058b50c81b6576ebc0a925161dc4c75",
                    "passes": 41276,
                    "fails": 0,
                    "name": "hello: status 200"
                },
                "users: status 200": {
                    "name": "users: status 200",
                    "path": "::users: status 200",
                    "id": "6602b84c5a5775f2fd4994c761780b2a",
                    "passes": 41276,
                    "fails": 0
                },
                "search: status 200": {
                    "path": "::search: status 200",
                    "id": "cd68838b4cc6f7786becc08340f51f71",
                    "passes": 41276,
                    "fails": 0,
                    "name": "search: status 200"
                }
            }
    },
    "metrics": {
        "vus_max": {
            "value": 500,
            "min": 500,
            "max": 500
        },
        "http_req_duration": {
            "p(95)": 170.7108866499999,
            "avg": 48.75141878280388,
            "min": 0.284787,
            "med": 10.4867925,
            "max": 551.411803,
            "p(90)": 157.1359821,
            "thresholds": {
                "p(95)<2000": false
            }
        },
        "data_sent": {
            "count": 13497252,
            "rate": 179825.85715096822
        },
        "iteration_duration": {
            "p(90)": 489.94107199999996,
            "p(95)": 549.0214424999999,
            "avg": 246.88164652151215,
            "min": 112.225927,
            "med": 120.7967445,
            "max": 947.882007
        },
        "vus": {
            "value": 1,
            "min": 1,
            "max": 500
        },
        "http_req_duration{expected_response:true}": {
            "avg": 48.75141878280388,
            "min": 0.284787,
            "med": 10.4867925,
            "max": 551.411803,
            "p(90)": 157.1359821,
            "p(95)": 170.7108866499999
        },
        "http_req_sending": {
            "max": 1.214478,
            "p(90)": 0.016989,
            "p(95)": 0.020127,
            "avg": 0.0133998467632523,
            "min": 0.005586,
            "med": 0.01179
        },
        "data_received": {
            "count": 390718366,
            "rate": 5205597.781724437
        },
        "http_req_failed": {
            "passes": 0,
            "fails": 123828,
            "thresholds": {
                "rate<0.05": false
            },
            "value": 0
        },
        "http_req_receiving": {
            "p(95)": 0.0651633,
            "avg": 0.04512438415382548,
            "min": 0.015098,
            "med": 0.0399005,
            "max": 14.611105,
            "p(90)": 0.057119300000000005
        },
        "checks": {
            "passes": 123828,
            "fails": 0,
            "value": 1
        },
        "iterations": {
            "count": 41276,
            "rate": 549.9261686573952
        },
        "http_req_blocked": {
            "avg": 0.0055827222195302196,
            "min": 0.001843,
            "med": 0.004131,
            "max": 10.805772,
            "p(90)": 0.005372,
            "p(95)": 0.005855
        },
        "http_req_tls_handshaking": {
            "avg": 0,
            "min": 0,
            "med": 0,
            "max": 0,
            "p(90)": 0,
            "p(95)": 0
        },
        "http_req_waiting": {
            "max": 551.348479,
            "p(90)": 157.0672985,
            "p(95)": 170.6335062,
            "avg": 48.6928945518866,
            "min": 0.250775,
            "med": 10.433982
        },
        "http_reqs": {
            "count": 123828,
            "rate": 1649.7785059721857
        },
        "http_req_connecting": {
            "avg": 0.0009178346173724848,
            "min": 0,
            "med": 0,
            "max": 10.766525,
            "p(90)": 0,
            "p(95)": 0
        }
    }
}