{
    "root_group": {
        "name": "",
        "path": "",
        "id": "d41d8cd98f00b204e9800998ecf8427e",
        "groups": {},
        "checks": {
                "hello: status 200": {
                    "name": "hello: status 200",
                    "path": "::hello: status 200",
                    "id": "7058b50c81b6576ebc0a925161dc4c75",
                    "passes": 20605,
                    "fails": 0
                },
                "users: status 200": {
                    "passes": 20605,
                    "fails": 0,
                    "name": "users: status 200",
                    "path": "::users: status 200",
                    "id": "6602b84c5a5775f2fd4994c761780b2a"
                },
                "search: status 200": {
                    "name": "search: status 200",
                    "path": "::search: status 200",
                    "id": "cd68838b4cc6f7786becc08340f51f71",
                    "passes": 20605,
                    "fails": 0
                }
            }
    },
    "metrics": {
        "http_req_failed": {
            "passes": 0,
            "fails": 61815,
            "thresholds": {
                "rate<0.01": false
            },
            "value": 0
        },
        "http_req_waiting": {
            "avg": 97.10633985204218,
            "min": 0.36374,
            "med": 98.268688,
            "max": 1897.930814,
            "p(90)": 217.40025179999995,
            "p(95)": 299.53473809999997
        },
        "data_received": {
            "count": 195046930,
            "rate": 6464394.303332442
        },
        "http_req_connecting": {
            "min": 0,
            "med": 0,
            "max": 17.116093,
            "p(90)": 0,
            "p(95)": 0,
            "avg": 0.004242983855051363
        },
        "vus_max": {
            "value": 200,
            "min": 200,
            "max": 200
        },
        "http_req_sending": {
            "avg": 0.016125255924937156,
            "min": 0.005785,
            "med": 0.012672,
            "max": 9.949981,
            "p(90)": 0.018943,
            "p(95)": 0.024672299999999994
        },
        "iterations": {
            "count": 20605,
            "rate": 682.9066451861867
        },
        "http_req_blocked": {
            "med": 0.004482,
            "max": 17.17097,
            "p(90)": 0.005329,
            "p(95)": 0.005991,
            "avg": 0.010564309585052114,
            "min": 0.002105
        },
        "http_req_receiving": {
            "avg": 0.057511144625090944,
            "min": 0.016847,
            "med": 0.046634,
            "max": 8.28897,
            "p(90)": 0.0670148,
            "p(95)": 0.08295689999999999
        },
        "vus": {
            "value": 200,
            "min": 200,
            "max": 200
        },
        "checks": {
            "passes": 61815,
            "fails": 0,
            "value": 1
        },
        "iteration_duration": {
            "max": 2298.132916,
            "p(90)": 490.7953758000001,
            "p(95)": 602.2739492,
            "avg": 291.91367424838654,
            "min": 17.590346,
            "med": 250.397779
        },
        "http_req_tls_handshaking": {
            "avg": 0,
            "min": 0,
            "med": 0,
            "max": 0,
            "p(90)": 0,
            "p(95)": 0
        },
        "http_reqs": {
            "count": 61815,
            "rate": 2048.71993555856
        },
        "http_req_duration": {
            "med": 98.342984,
            "max": 1897.99845,
            "p(90)": 217.50116619999997,
            "p(95)": 299.61602589999995,
            "avg": 97.17997625259234,
            "min": 0.413463,
            "thresholds": {
                "p(95)<500": false
            }
        },
        "data_sent": {
            "count": 6737835,
            "rate": 223310.47297588302
        },
        "http_req_duration{expected_response:true}": {
            "avg": 97.17997625259234,
            "min": 0.413463,
            "med": 98.342984,
            "max": 1897.99845,
            "p(90)": 217.50116619999997,
            "p(95)": 299.61602589999995
        }
    }
}