{
    "root_group": {
        "name": "",
        "path": "",
        "id": "d41d8cd98f00b204e9800998ecf8427e",
        "groups": {},
        "checks": {
                "hello: status 200": {
                    "name": "hello: status 200",
                    "path": "::hello: status 200",
                    "id": "7058b50c81b6576ebc0a925161dc4c75",
                    "passes": 127077,
                    "fails": 0
                },
                "users: status 200": {
                    "name": "users: status 200",
                    "path": "::users: status 200",
                    "id": "6602b84c5a5775f2fd4994c761780b2a",
                    "passes": 127077,
                    "fails": 0
                },
                "search: status 200": {
                    "name": "search: status 200",
                    "path": "::search: status 200",
                    "id": "cd68838b4cc6f7786becc08340f51f71",
                    "passes": 127054,
                    "fails": 23
                }
            }
    },
    "metrics": {
        "http_req_duration{expected_response:true}": {
            "max": 204.046247,
            "p(90)": 126.36618560000001,
            "p(95)": 144.97216114999995,
            "avg": 45.20077246669322,
            "min": 0.264354,
            "med": 27.546137
        },
        "http_reqs": {
            "rate": 4765.196924049857,
            "count": 381231
        },
        "data_received": {
            "count": 1122751283,
            "rate": 14033829.778335525
        },
        "http_req_failed": {
            "passes": 23,
            "fails": 381208,
            "thresholds": {
                "rate<0.01": false
            },
            "value": 0.00006033087550592685
        },
        "http_req_tls_handshaking": {
            "max": 0,
            "p(90)": 0,
            "p(95)": 0,
            "avg": 0,
            "min": 0,
            "med": 0
        },
        "http_req_sending": {
            "min": 0.00533,
            "med": 0.00981,
            "max": 2.159948,
            "p(90)": 0.015291,
            "p(95)": 0.017513,
            "avg": 0.01079292627829306
        },
        "data_sent": {
            "rate": 519458.43764286576,
            "count": 41558337
        },
        "http_req_blocked": {
            "p(95)": 0.0048,
            "avg": 0.0037854690725568946,
            "min": 0.001856,
            "med": 0.003033,
            "max": 9.941399,
            "p(90)": 0.004506
        },
        "http_req_receiving": {
            "avg": 0.03519075571241685,
            "min": 0,
            "med": 0.033112,
            "max": 4.086201,
            "p(90)": 0.047155,
            "p(95)": 0.052297
        },
        "checks": {
            "passes": 381208,
            "fails": 23,
            "value": 0.9999396691244941
        },
        "vus": {
            "max": 499,
            "value": 2,
            "min": 2
        },
        "vus_max": {
            "max": 500,
            "value": 500,
            "min": 500
        },
        "http_req_duration": {
            "avg": 45.19805767744802,
            "min": 0.103651,
            "med": 27.541155,
            "max": 204.046247,
            "p(90)": 126.363224,
            "p(95)": 144.9708315,
            "thresholds": {
                "p(95)<500": false
            }
        },
        "iteration_duration": {
            "p(90)": 277.1665836,
            "p(95)": 304.81847519999997,
            "avg": 135.830333353392,
            "min": 3.010846,
            "med": 119.32853,
            "max": 373.944848
        },
        "http_req_connecting": {
            "p(90)": 0,
            "p(95)": 0,
            "avg": 0.00030476593456460775,
            "min": 0,
            "med": 0,
            "max": 9.890541
        },
        "http_req_waiting": {
            "med": 27.493738,
            "max": 203.994353,
            "p(90)": 126.30839,
            "p(95)": 144.91485849999998,
            "avg": 45.15207399545556,
            "min": 0.093251
        },
        "iterations": {
            "count": 127077,
            "rate": 1588.3989746832856
        }
    }
}