{
    "root_group": {
        "groups": {},
        "checks": {
                "hello: status 200": {
                    "id": "7058b50c81b6576ebc0a925161dc4c75",
                    "passes": 21059,
                    "fails": 0,
                    "name": "hello: status 200",
                    "path": "::hello: status 200"
                },
                "users: status 200": {
                    "name": "users: status 200",
                    "path": "::users: status 200",
                    "id": "6602b84c5a5775f2fd4994c761780b2a",
                    "passes": 21059,
                    "fails": 0
                },
                "search: status 200": {
                    "passes": 21059,
                    "fails": 0,
                    "name": "search: status 200",
                    "path": "::search: status 200",
                    "id": "cd68838b4cc6f7786becc08340f51f71"
                }
            },
        "name": "",
        "path": "",
        "id": "d41d8cd98f00b204e9800998ecf8427e"
    },
    "metrics": {
        "data_sent": {
            "count": 6886293,
            "rate": 228898.2996244324
        },
        "http_req_receiving": {
            "max": 1.316354,
            "p(90)": 0.052262,
            "p(95)": 0.0578722,
            "avg": 0.0383975990154649,
            "min": 0.013813,
            "med": 0.035804
        },
        "iteration_duration": {
            "avg": 285.2943828709351,
            "min": 84.584103,
            "med": 234.049427,
            "max": 3381.140971,
            "p(90)": 377.1080648,
            "p(95)": 501.25922039999995
        },
        "checks": {
            "passes": 63177,
            "fails": 0,
            "value": 1
        },
        "http_req_blocked": {
            "max": 18.918008,
            "p(90)": 0.004784,
            "p(95)": 0.005135,
            "avg": 0.014631872453582377,
            "min": 0.001965,
            "med": 0.00326
        },
        "http_reqs": {
            "count": 63177,
            "rate": 2099.9844002241507
        },
        "vus": {
            "max": 200,
            "value": 200,
            "min": 200
        },
        "vus_max": {
            "value": 200,
            "min": 200,
            "max": 200
        },
        "http_req_connecting": {
            "avg": 0.007760482010858384,
            "min": 0,
            "med": 0,
            "max": 17.025261,
            "p(90)": 0,
            "p(95)": 0
        },
        "http_req_failed": {
            "fails": 63177,
            "passes": 0,
            "thresholds": {
                "rate<0.01": false
            },
            "value": 0
        },
        "http_req_tls_handshaking": {
            "max": 0,
            "p(90)": 0,
            "p(95)": 0,
            "avg": 0,
            "min": 0,
            "med": 0
        },
        "http_req_duration{expected_response:true}": {
            "avg": 95.00383861663218,
            "min": 0.282636,
            "med": 92.042386,
            "max": 1685.771389,
            "p(90)": 180.4175486,
            "p(95)": 204.23894879999997
        },
        "data_received": {
            "count": 186077324,
            "rate": 6185154.053460198
        },
        "http_req_sending": {
            "avg": 0.012942062491096461,
            "min": 0.00533,
            "med": 0.01034,
            "max": 16.937283,
            "p(90)": 0.016564,
            "p(95)": 0.019717199999999997
        },
        "http_req_duration": {
            "med": 92.042386,
            "max": 1685.771389,
            "p(90)": 180.4175486,
            "p(95)": 204.23894879999997,
            "avg": 95.00383861663218,
            "min": 0.282636,
            "thresholds": {
                "p(95)<500": false
            }
        },
        "http_req_waiting": {
            "min": 0.251737,
            "med": 91.996343,
            "max": 1685.703763,
            "p(90)": 180.36004880000002,
            "p(95)": 204.18556199999998,
            "avg": 94.95249895512718
        },
        "iterations": {
            "count": 21059,
            "rate": 699.9948000747169
        }
    }
}