{
    "metrics": {
        "data_received": {
            "count": 740686993,
            "rate": 9258152.11004237
        },
        "http_req_blocked": {
            "max": 10.032882,
            "p(90)": 0.005048,
            "p(95)": 0.005697,
            "avg": 0.0058294762647110605,
            "min": 0.00192,
            "med": 0.00425
        },
        "http_req_waiting": {
            "p(95)": 210.10427639999992,
            "avg": 73.45983391275986,
            "min": 0,
            "med": 54.452868,
            "max": 758.799367,
            "p(90)": 179.7549704
        },
        "http_req_failed": {
            "passes": 25,
            "fails": 234752,
            "thresholds": {
                "rate<0.01": false
            },
            "value": 0.00010648402526652952
        },
        "iteration_duration": {
            "p(95)": 511.89252489999996,
            "avg": 220.9580043568272,
            "min": 12.742921,
            "med": 177.597503,
            "max": 1311.763185,
            "p(90)": 454.54428579999995
        },
        "vus_max": {
            "value": 500,
            "min": 500,
            "max": 500
        },
        "checks": {
            "passes": 234752,
            "fails": 25,
            "value": 0.9998935159747334
        },
        "data_sent": {
            "rate": 319904.92111844616,
            "count": 25593597
        },
        "http_req_duration": {
            "avg": 73.53094942826996,
            "min": 0,
            "med": 54.520862,
            "max": 758.896385,
            "p(90)": 179.8399348,
            "p(95)": 210.20037639999995,
            "thresholds": {
                "p(95)<500": false
            }
        },
        "http_reqs": {
            "count": 234777,
            "rate": 2934.574521331466
        },
        "http_req_duration{expected_response:true}": {
            "avg": 73.53873337799864,
            "min": 0.292691,
            "med": 54.5305645,
            "max": 758.896385,
            "p(90)": 179.84280529999998,
            "p(95)": 210.2082216499998
        },
        "http_req_sending": {
            "avg": 0.01596459703889193,
            "min": 0,
            "med": 0.012588,
            "max": 4.904672,
            "p(90)": 0.01906,
            "p(95)": 0.023951399999999966
        },
        "iterations": {
            "count": 78259,
            "rate": 978.1915071104886
        },
        "http_req_connecting": {
            "med": 0,
            "max": 5.537138,
            "p(90)": 0,
            "p(95)": 0,
            "avg": 0.0006615344475821733,
            "min": 0
        },
        "http_req_receiving": {
            "min": 0,
            "med": 0.045941,
            "max": 10.925151,
            "p(90)": 0.065292,
            "p(95)": 0.08463739999999997,
            "avg": 0.05515091847157159
        },
        "http_req_tls_handshaking": {
            "avg": 0,
            "min": 0,
            "med": 0,
            "max": 0,
            "p(90)": 0,
            "p(95)": 0
        },
        "vus": {
            "value": 3,
            "min": 3,
            "max": 499
        }
    },
    "root_group": {
        "name": "",
        "path": "",
        "id": "d41d8cd98f00b204e9800998ecf8427e",
        "groups": {},
        "checks": {
                "hello: status 200": {
                    "id": "7058b50c81b6576ebc0a925161dc4c75",
                    "passes": 78258,
                    "fails": 1,
                    "name": "hello: status 200",
                    "path": "::hello: status 200"
                },
                "users: status 200": {
                    "name": "users: status 200",
                    "path": "::users: status 200",
                    "id": "6602b84c5a5775f2fd4994c761780b2a",
                    "passes": 78259,
                    "fails": 0
                },
                "search: status 200": {
                    "name": "search: status 200",
                    "path": "::search: status 200",
                    "id": "cd68838b4cc6f7786becc08340f51f71",
                    "passes": 78235,
                    "fails": 24
                }
            }
    }
}