{
    "metrics": {
        "http_req_waiting": {
            "max": 767.0639,
            "p(90)": 172.0746998,
            "p(95)": 194.97091839999996,
            "avg": 72.72686698733128,
            "min": 0.085018,
            "med": 57.447563
        },
        "data_received": {
            "rate": 9352211.270607589,
            "count": 748277909
        },
        "http_reqs": {
            "count": 237177,
            "rate": 2964.312304091949
        },
        "checks": {
            "passes": 237152,
            "fails": 25,
            "value": 0.9998945934892507
        },
        "data_sent": {
            "count": 25855974,
            "rate": 323156.0474349601
        },
        "vus_max": {
            "min": 500,
            "max": 500,
            "value": 500
        },
        "http_req_blocked": {
            "min": 0.001898,
            "med": 0.004259,
            "max": 6.598186,
            "p(90)": 0.00503,
            "p(95)": 0.005642,
            "avg": 0.005746064702732702
        },
        "iteration_duration": {
            "p(90)": 436.42177619999995,
            "p(95)": 477.0812194999999,
            "avg": 218.74895472722983,
            "min": 12.591736,
            "med": 190.029631,
            "max": 981.857138
        },
        "http_req_sending": {
            "min": 0.005575,
            "med": 0.01256,
            "max": 14.77285,
            "p(90)": 0.018885399999999993,
            "p(95)": 0.023493399999999966,
            "avg": 0.01669555663913426
        },
        "http_req_receiving": {
            "med": 0.046049,
            "max": 9.568447,
            "p(90)": 0.06479839999999999,
            "p(95)": 0.08202779999999993,
            "avg": 0.054146307947229105,
            "min": 0
        },
        "iterations": {
            "count": 79059,
            "rate": 988.1041013639831
        },
        "http_req_connecting": {
            "min": 0,
            "med": 0,
            "max": 6.528635,
            "p(90)": 0,
            "p(95)": 0,
            "avg": 0.0006027803623454219
        },
        "http_req_duration": {
            "med": 57.519223,
            "max": 767.109743,
            "p(90)": 172.14747739999999,
            "p(95)": 195.05392179999998,
            "avg": 72.79770885191834,
            "min": 0.100904,
            "thresholds": {
                "p(95)<500": false
            }
        },
        "http_req_duration{expected_response:true}": {
            "p(90)": 172.1497293,
            "p(95)": 195.0572988999999,
            "avg": 72.80528911033612,
            "min": 0.297076,
            "med": 57.528246499999995,
            "max": 767.109743
        },
        "http_req_failed": {
            "passes": 25,
            "fails": 237152,
            "thresholds": {
                "rate<0.01": false
            },
            "value": 0.00010540651074935596
        },
        "vus": {
            "value": 2,
            "min": 2,
            "max": 499
        },
        "http_req_tls_handshaking": {
            "med": 0,
            "max": 0,
            "p(90)": 0,
            "p(95)": 0,
            "avg": 0,
            "min": 0
        }
    },
    "root_group": {
        "name": "",
        "path": "",
        "id": "d41d8cd98f00b204e9800998ecf8427e",
        "groups": {},
        "checks": {
                "hello: status 200": {
                    "name": "hello: status 200",
                    "path": "::hello: status 200",
                    "id": "7058b50c81b6576ebc0a925161dc4c75",
                    "passes": 79054,
                    "fails": 5
                },
                "users: status 200": {
                    "name": "users: status 200",
                    "path": "::users: status 200",
                    "id": "6602b84c5a5775f2fd4994c761780b2a",
                    "passes": 79056,
                    "fails": 3
                },
                "search: status 200": {
                    "passes": 79042,
                    "fails": 17,
                    "name": "search: status 200",
                    "path": "::search: status 200",
                    "id": "cd68838b4cc6f7786becc08340f51f71"
                }
            }
    }
}