{
    "root_group": {
        "name": "",
        "path": "",
        "id": "d41d8cd98f00b204e9800998ecf8427e",
        "groups": {},
        "checks": {
                "hello: status 200": {
                    "name": "hello: status 200",
                    "path": "::hello: status 200",
                    "id": "7058b50c81b6576ebc0a925161dc4c75",
                    "passes": 40314,
                    "fails": 0
                },
                "users: status 200": {
                    "fails": 0,
                    "name": "users: status 200",
                    "path": "::users: status 200",
                    "id": "6602b84c5a5775f2fd4994c761780b2a",
                    "passes": 40314
                },
                "search: status 200": {
                    "path": "::search: status 200",
                    "id": "cd68838b4cc6f7786becc08340f51f71",
                    "passes": 40314,
                    "fails": 0,
                    "name": "search: status 200"
                }
            }
    },
    "metrics": {
        "iteration_duration": {
            "max": 1034.130433,
            "p(90)": 501.8393736,
            "p(95)": 578.43107345,
            "avg": 252.91171867415443,
            "min": 112.6086,
            "med": 121.08694249999999
        },
        "http_reqs": {
            "count": 120942,
            "rate": 1610.414607549376
        },
        "http_req_connecting": {
            "med": 0,
            "max": 8.463008,
            "p(90)": 0,
            "p(95)": 0,
            "avg": 0.0009285580856939696,
            "min": 0
        },
        "http_req_waiting": {
            "max": 643.022944,
            "p(90)": 163.29840730000004,
            "p(95)": 176.82633929999997,
            "avg": 50.68844624835124,
            "min": 0.259017,
            "med": 11.088369
        },
        "data_received": {
            "count": 381612074,
            "rate": 5081391.562788885
        },
        "vus_max": {
            "value": 500,
            "min": 500,
            "max": 500
        },
        "http_req_duration{expected_response:true}": {
            "avg": 50.74985946421428,
            "min": 0.296234,
            "med": 11.146707,
            "max": 643.0848,
            "p(90)": 163.3785355,
            "p(95)": 176.9008892
        },
        "http_req_blocked": {
            "p(95)": 0.005958949999999997,
            "avg": 0.005938338558978732,
            "min": 0.001995,
            "med": 0.004201,
            "max": 11.459487,
            "p(90)": 0.005482
        },
        "http_req_tls_handshaking": {
            "max": 0,
            "p(90)": 0,
            "p(95)": 0,
            "avg": 0,
            "min": 0,
            "med": 0
        },
        "http_req_sending": {
            "avg": 0.014172035132542633,
            "min": 0.005853,
            "med": 0.012021,
            "max": 15.825232,
            "p(90)": 0.017281,
            "p(95)": 0.020738
        },
        "http_req_failed": {
            "passes": 0,
            "fails": 120942,
            "thresholds": {
                "rate<0.05": false
            },
            "value": 0
        },
        "http_req_duration": {
            "avg": 50.74985946421428,
            "min": 0.296234,
            "med": 11.146707,
            "max": 643.0848,
            "p(90)": 163.3785355,
            "p(95)": 176.9008892,
            "thresholds": {
                "p(95)<2000": false
            }
        },
        "vus": {
            "value": 1,
            "min": 1,
            "max": 500
        },
        "checks": {
            "passes": 120942,
            "fails": 0,
            "value": 1
        },
        "iterations": {
            "count": 40314,
            "rate": 536.8048691831252
        },
        "http_req_receiving": {
            "p(90)": 0.058891700000000026,
            "p(95)": 0.0695219,
            "avg": 0.047241180731259665,
            "min": 0.0143,
            "med": 0.041236,
            "max": 6.444164
        },
        "data_sent": {
            "count": 13182678,
            "rate": 175535.19222288197
        }
    }
}