{
    "metrics": {
        "http_reqs": {
            "count": 122127,
            "rate": 1626.4914681894606
        },
        "http_req_duration": {
            "avg": 49.91971187435172,
            "min": 0.283602,
            "med": 10.925082,
            "max": 632.475175,
            "p(90)": 160.05674320000003,
            "p(95)": 172.97949719999997,
            "thresholds": {
                "p(95)<2000": false
            }
        },
        "http_req_duration{expected_response:true}": {
            "avg": 49.91971187435172,
            "min": 0.283602,
            "med": 10.925082,
            "max": 632.475175,
            "p(90)": 160.05674320000003,
            "p(95)": 172.97949719999997
        },
        "http_req_receiving": {
            "p(95)": 0.06736569999999999,
            "avg": 0.045992582631194455,
            "min": 0.015392,
            "med": 0.040687,
            "max": 17.811919,
            "p(90)": 0.058157
        },
        "http_req_blocked": {
            "avg": 0.0056067773383444985,
            "min": 0.002048,
            "med": 0.004145,
            "max": 9.995526,
            "p(90)": 0.005399,
            "p(95)": 0.005872699999999997
        },
        "http_req_tls_handshaking": {
            "avg": 0,
            "min": 0,
            "med": 0,
            "max": 0,
            "p(90)": 0,
            "p(95)": 0
        },
        "iterations": {
            "count": 40709,
            "rate": 542.1638227298203
        },
        "vus": {
            "value": 2,
            "min": 2,
            "max": 500
        },
        "http_req_connecting": {
            "p(90)": 0,
            "p(95)": 0,
            "avg": 0.0008216878659100775,
            "min": 0,
            "med": 0,
            "max": 9.898028
        },
        "checks": {
            "passes": 122127,
            "fails": 0,
            "value": 1
        },
        "vus_max": {
            "value": 500,
            "min": 500,
            "max": 500
        },
        "data_sent": {
            "rate": 177287.57003265122,
            "count": 13311843
        },
        "data_received": {
            "rate": 5132119.416452122,
            "count": 385351144
        },
        "http_req_failed": {
            "passes": 0,
            "fails": 122127,
            "thresholds": {
                "rate<0.05": false
            },
            "value": 0
        },
        "iteration_duration": {
            "avg": 250.39741594080036,
            "min": 112.552176,
            "med": 120.947008,
            "max": 933.147013,
            "p(90)": 493.19261660000006,
            "p(95)": 566.3130458
        },
        "http_req_sending": {
            "avg": 0.013800117500634475,
            "min": 0.005684,
            "med": 0.01186,
            "max": 2.663488,
            "p(90)": 0.01716740000000001,
            "p(95)": 0.0205207
        },
        "http_req_waiting": {
            "max": 632.300013,
            "p(90)": 159.98433920000005,
            "p(95)": 172.89420779999998,
            "avg": 49.85991917422005,
            "min": 0.255213,
            "med": 10.870536
        }
    },
    "root_group": {
        "name": "",
        "path": "",
        "id": "d41d8cd98f00b204e9800998ecf8427e",
        "groups": {},
        "checks": {
                "hello: status 200": {
                    "name": "hello: status 200",
                    "path": "::hello: status 200",
                    "id": "7058b50c81b6576ebc0a925161dc4c75",
                    "passes": 40709,
                    "fails": 0
                },
                "users: status 200": {
                    "name": "users: status 200",
                    "path": "::users: status 200",
                    "id": "6602b84c5a5775f2fd4994c761780b2a",
                    "passes": 40709,
                    "fails": 0
                },
                "search: status 200": {
                    "id": "cd68838b4cc6f7786becc08340f51f71",
                    "passes": 40709,
                    "fails": 0,
                    "name": "search: status 200",
                    "path": "::search: status 200"
                }
            }
    }
}