{
    "root_group": {
        "name": "",
        "path": "",
        "id": "d41d8cd98f00b204e9800998ecf8427e",
        "groups": {},
        "checks": {
                "hello: status 200": {
                    "name": "hello: status 200",
                    "path": "::hello: status 200",
                    "id": "7058b50c81b6576ebc0a925161dc4c75",
                    "passes": 27496,
                    "fails": 0
                },
                "users: status 200": {
                    "path": "::users: status 200",
                    "id": "6602b84c5a5775f2fd4994c761780b2a",
                    "passes": 27496,
                    "fails": 0,
                    "name": "users: status 200"
                },
                "search: status 200": {
                    "name": "search: status 200",
                    "path": "::search: status 200",
                    "id": "cd68838b4cc6f7786becc08340f51f71",
                    "passes": 27496,
                    "fails": 0
                }
            }
    },
    "metrics": {
        "iteration_duration": {
            "avg": 218.80803610928953,
            "min": 15.684976,
            "med": 199.187182,
            "max": 1202.821879,
            "p(90)": 352.3117995,
            "p(95)": 391.48382475
        },
        "data_sent": {
            "count": 8991192,
            "rate": 298059.2718068573
        },
        "http_req_receiving": {
            "med": 0.046383,
            "max": 9.823869,
            "p(90)": 0.06850060000000001,
            "p(95)": 0.08907824999999997,
            "avg": 0.05924585509407503,
            "min": 0.015421
        },
        "http_req_failed": {
            "passes": 0,
            "fails": 82488,
            "thresholds": {
                "rate<0.01": false
            },
            "value": 0
        },
        "http_req_tls_handshaking": {
            "p(95)": 0,
            "avg": 0,
            "min": 0,
            "med": 0,
            "max": 0,
            "p(90)": 0
        },
        "http_req_sending": {
            "med": 0.012527,
            "max": 6.352368,
            "p(90)": 0.019835600000000005,
            "p(95)": 0.025424649999999993,
            "avg": 0.017902293460867035,
            "min": 0.005765
        },
        "data_received": {
            "count": 260277136,
            "rate": 8628223.446249882
        },
        "vus_max": {
            "value": 200,
            "min": 200,
            "max": 200
        },
        "http_req_blocked": {
            "avg": 0.00883710231791286,
            "min": 0.002019,
            "med": 0.004336,
            "max": 5.890068,
            "p(90)": 0.005195,
            "p(95)": 0.005868
        },
        "iterations": {
            "count": 27496,
            "rate": 911.4962440576676
        },
        "http_req_duration{expected_response:true}": {
            "min": 0.372536,
            "med": 89.49363199999999,
            "max": 903.825314,
            "p(90)": 145.9512199,
            "p(95)": 199.52372939999987,
            "avg": 72.81191293831911
        },
        "checks": {
            "passes": 82488,
            "fails": 0,
            "value": 1
        },
        "http_req_waiting": {
            "max": 903.748993,
            "p(90)": 145.84200020000003,
            "p(95)": 199.46536919999983,
            "avg": 72.73476478976389,
            "min": 0.31309,
            "med": 89.4299025
        },
        "vus": {
            "value": 200,
            "min": 200,
            "max": 200
        },
        "http_req_duration": {
            "avg": 72.81191293831911,
            "min": 0.372536,
            "med": 89.49363199999999,
            "max": 903.825314,
            "p(90)": 145.9512199,
            "p(95)": 199.52372939999987,
            "thresholds": {
                "p(95)<500": false
            }
        },
        "http_reqs": {
            "count": 82488,
            "rate": 2734.4887321730025
        },
        "http_req_connecting": {
            "avg": 0.0012996539254194553,
            "min": 0,
            "med": 0,
            "max": 4.378532,
            "p(90)": 0,
            "p(95)": 0
        }
    }
}