{
    "root_group": {
        "groups": {},
        "checks": {
                "hello: status 200": {
                    "fails": 0,
                    "name": "hello: status 200",
                    "path": "::hello: status 200",
                    "id": "7058b50c81b6576ebc0a925161dc4c75",
                    "passes": 30146
                },
                "users: status 200": {
                    "name": "users: status 200",
                    "path": "::users: status 200",
                    "id": "6602b84c5a5775f2fd4994c761780b2a",
                    "passes": 30146,
                    "fails": 0
                },
                "search: status 200": {
                    "path": "::search: status 200",
                    "id": "cd68838b4cc6f7786becc08340f51f71",
                    "passes": 30146,
                    "fails": 0,
                    "name": "search: status 200"
                }
            },
        "name": "",
        "path": "",
        "id": "d41d8cd98f00b204e9800998ecf8427e"
    },
    "metrics": {
        "data_received": {
            "count": 285362036,
            "rate": 9457092.44349409
        },
        "vus_max": {
            "value": 200,
            "min": 200,
            "max": 200
        },
        "http_reqs": {
            "rate": 2997.1769839934786,
            "count": 90438
        },
        "http_req_duration": {
            "med": 90.049916,
            "max": 512.847055,
            "p(90)": 112.59047860000001,
            "p(95)": 180.24158024999997,
            "avg": 66.41082321120537,
            "min": 0.34308,
            "thresholds": {
                "p(95)<500": false
            }
        },
        "checks": {
            "passes": 90438,
            "fails": 0,
            "value": 1
        },
        "iteration_duration": {
            "avg": 199.59978426895844,
            "min": 16.898089,
            "med": 198.55435549999999,
            "max": 629.087631,
            "p(90)": 286.5948365,
            "p(95)": 296.104824
        },
        "iterations": {
            "count": 30146,
            "rate": 999.058994664493
        },
        "http_req_blocked": {
            "p(90)": 0.005122,
            "p(95)": 0.005798149999999994,
            "avg": 0.006449613956522771,
            "min": 0.001966,
            "med": 0.004295,
            "max": 5.358493
        },
        "http_req_connecting": {
            "avg": 0.0006135140095977356,
            "min": 0,
            "med": 0,
            "max": 2.95836,
            "p(90)": 0,
            "p(95)": 0
        },
        "http_req_tls_handshaking": {
            "p(95)": 0,
            "avg": 0,
            "min": 0,
            "med": 0,
            "max": 0,
            "p(90)": 0
        },
        "vus": {
            "max": 200,
            "value": 200,
            "min": 200
        },
        "http_req_sending": {
            "p(95)": 0.02542729999999999,
            "avg": 0.0180736996395322,
            "min": 0.005671,
            "med": 0.012391,
            "max": 4.8464,
            "p(90)": 0.0196243
        },
        "data_sent": {
            "count": 9857742,
            "rate": 326692.29125528916
        },
        "http_req_duration{expected_response:true}": {
            "min": 0.34308,
            "med": 90.049916,
            "max": 512.847055,
            "p(90)": 112.59047860000001,
            "p(95)": 180.24158024999997,
            "avg": 66.41082321120537
        },
        "http_req_receiving": {
            "p(95)": 0.09177629999999999,
            "avg": 0.05633002230257273,
            "min": 0.015366,
            "med": 0.045709,
            "max": 7.338104,
            "p(90)": 0.06747460000000001
        },
        "http_req_failed": {
            "passes": 0,
            "fails": 90438,
            "thresholds": {
                "rate<0.01": false
            },
            "value": 0
        },
        "http_req_waiting": {
            "p(95)": 180.14936104999998,
            "avg": 66.33641948926413,
            "min": 0.305938,
            "med": 89.979656,
            "max": 512.779337,
            "p(90)": 112.5122319
        }
    }
}