{
    "metrics": {
        "checks": {
            "passes": 91062,
            "fails": 0,
            "value": 1
        },
        "vus_max": {
            "value": 200,
            "min": 200,
            "max": 200
        },
        "http_reqs": {
            "count": 91062,
            "rate": 3017.252300748218
        },
        "http_req_connecting": {
            "avg": 0.000771859787836858,
            "min": 0,
            "med": 0,
            "max": 3.162416,
            "p(90)": 0,
            "p(95)": 0
        },
        "iteration_duration": {
            "max": 637.831613,
            "p(90)": 284.8553803,
            "p(95)": 291.05870194999994,
            "avg": 198.2400850688882,
            "min": 15.264405,
            "med": 197.8579755
        },
        "http_req_blocked": {
            "p(90)": 0.005098,
            "p(95)": 0.005759,
            "avg": 0.006487177955678598,
            "min": 0.002061,
            "med": 0.004283,
            "max": 5.231709
        },
        "http_req_tls_handshaking": {
            "avg": 0,
            "min": 0,
            "med": 0,
            "max": 0,
            "p(90)": 0,
            "p(95)": 0
        },
        "http_req_receiving": {
            "avg": 0.05479898251740493,
            "min": 0.015522,
            "med": 0.04566,
            "max": 10.290279,
            "p(90)": 0.06593560000000002,
            "p(95)": 0.08635664999999992
        },
        "http_req_sending": {
            "med": 0.012304,
            "max": 6.607333,
            "p(90)": 0.019321900000000006,
            "p(95)": 0.024661749999999986,
            "avg": 0.021584381135929337,
            "min": 0.005748
        },
        "data_received": {
            "count": 287330964,
            "rate": 9520436.759627543
        },
        "http_req_duration{expected_response:true}": {
            "max": 549.954851,
            "p(90)": 111.3858519,
            "p(95)": 178.51528689999998,
            "avg": 65.96123354369573,
            "min": 0.363083,
            "med": 89.7717995
        },
        "iterations": {
            "count": 30354,
            "rate": 1005.7507669160727
        },
        "http_req_failed": {
            "passes": 0,
            "fails": 91062,
            "thresholds": {
                "rate<0.01": false
            },
            "value": 0
        },
        "vus": {
            "value": 200,
            "min": 200,
            "max": 200
        },
        "data_sent": {
            "count": 9925758,
            "rate": 328880.5007815558
        },
        "http_req_waiting": {
            "avg": 65.8848501800424,
            "min": 0.317343,
            "med": 89.7066175,
            "max": 549.881782,
            "p(90)": 111.2989133,
            "p(95)": 178.458433
        },
        "http_req_duration": {
            "avg": 65.96123354369573,
            "min": 0.363083,
            "med": 89.7717995,
            "max": 549.954851,
            "p(90)": 111.3858519,
            "p(95)": 178.51528689999998,
            "thresholds": {
                "p(95)<500": false
            }
        }
    },
    "root_group": {
        "path": "",
        "id": "d41d8cd98f00b204e9800998ecf8427e",
        "groups": {},
        "checks": {
                "hello: status 200": {
                    "name": "hello: status 200",
                    "path": "::hello: status 200",
                    "id": "7058b50c81b6576ebc0a925161dc4c75",
                    "passes": 30354,
                    "fails": 0
                },
                "users: status 200": {
                    "name": "users: status 200",
                    "path": "::users: status 200",
                    "id": "6602b84c5a5775f2fd4994c761780b2a",
                    "passes": 30354,
                    "fails": 0
                },
                "search: status 200": {
                    "id": "cd68838b4cc6f7786becc08340f51f71",
                    "passes": 30354,
                    "fails": 0,
                    "name": "search: status 200",
                    "path": "::search: status 200"
                }
            },
        "name": ""
    }
}