{
    "metrics": {
        "http_req_duration{expected_response:true}": {
            "p(90)": 112.58794230000001,
            "p(95)": 180.00358079999995,
            "avg": 66.32369430746084,
            "min": 0.335917,
            "med": 89.9182115,
            "max": 545.077115
        },
        "http_req_tls_handshaking": {
            "med": 0,
            "max": 0,
            "p(90)": 0,
            "p(95)": 0,
            "avg": 0,
            "min": 0
        },
        "data_received": {
            "count": 285740676,
            "rate": 9470005.153678024
        },
        "http_req_receiving": {
            "avg": 0.05469315702643586,
            "min": 0.016307,
            "med": 0.045615,
            "max": 6.223859,
            "p(90)": 0.06639800000000003,
            "p(95)": 0.0893513
        },
        "http_reqs": {
            "count": 90558,
            "rate": 3001.2693282309397
        },
        "vus_max": {
            "max": 200,
            "value": 200,
            "min": 200
        },
        "vus": {
            "value": 200,
            "min": 200,
            "max": 200
        },
        "http_req_sending": {
            "med": 0.012333,
            "max": 3.672255,
            "p(90)": 0.019291200000000012,
            "p(95)": 0.024950599999999976,
            "avg": 0.016969580368382493,
            "min": 0.00494
        },
        "data_sent": {
            "count": 9870822,
            "rate": 327138.3567771724
        },
        "iterations": {
            "count": 30186,
            "rate": 1000.4231094103131
        },
        "checks": {
            "fails": 0,
            "passes": 90558,
            "value": 1
        },
        "iteration_duration": {
            "avg": 199.33168713761364,
            "min": 15.42355,
            "med": 198.7037445,
            "max": 654.735954,
            "p(90)": 286.7038335,
            "p(95)": 294.38014200000003
        },
        "http_req_failed": {
            "passes": 0,
            "fails": 90558,
            "thresholds": {
                "rate<0.01": false
            },
            "value": 0
        },
        "http_req_duration": {
            "med": 89.9182115,
            "max": 545.077115,
            "p(90)": 112.58794230000001,
            "p(95)": 180.00358079999995,
            "avg": 66.32369430746084,
            "min": 0.335917,
            "thresholds": {
                "p(95)<500": false
            }
        },
        "http_req_blocked": {
            "avg": 0.006324429017867017,
            "min": 0.002009,
            "med": 0.004298,
            "max": 4.408745,
            "p(90)": 0.005111,
            "p(95)": 0.005779
        },
        "http_req_connecting": {
            "p(90)": 0,
            "p(95)": 0,
            "avg": 0.0005737661609134478,
            "min": 0,
            "med": 0,
            "max": 2.422365
        },
        "http_req_waiting": {
            "p(95)": 179.93281469999997,
            "avg": 66.25203157006632,
            "min": 0.302448,
            "med": 89.844874,
            "max": 545.003294,
            "p(90)": 112.50703060000001
        }
    },
    "root_group": {
        "id": "d41d8cd98f00b204e9800998ecf8427e",
        "groups": {},
        "checks": {
                "hello: status 200": {
                    "name": "hello: status 200",
                    "path": "::hello: status 200",
                    "id": "7058b50c81b6576ebc0a925161dc4c75",
                    "passes": 30186,
                    "fails": 0
                },
                "users: status 200": {
                    "path": "::users: status 200",
                    "id": "6602b84c5a5775f2fd4994c761780b2a",
                    "passes": 30186,
                    "fails": 0,
                    "name": "users: status 200"
                },
                "search: status 200": {
                    "name": "search: status 200",
                    "path": "::search: status 200",
                    "id": "cd68838b4cc6f7786becc08340f51f71",
                    "passes": 30186,
                    "fails": 0
                }
            },
        "name": "",
        "path": ""
    }
}