{
    "metrics": {
        "http_req_tls_handshaking": {
            "min": 0,
            "med": 0,
            "max": 0,
            "p(90)": 0,
            "p(95)": 0,
            "avg": 0
        },
        "http_req_receiving": {
            "min": 0.016038,
            "med": 0.04265,
            "max": 18.945608,
            "p(90)": 0.06149,
            "p(95)": 0.08374219999999995,
            "avg": 0.05533661241396783
        },
        "iterations": {
            "count": 34241,
            "rate": 456.2803004661844
        },
        "vus_max": {
            "value": 500,
            "min": 500,
            "max": 500
        },
        "iteration_duration": {
            "p(95)": 668.136965,
            "avg": 326.04181526137995,
            "min": 112.666011,
            "med": 120.688469,
            "max": 5469.693267,
            "p(90)": 574.044911
        },
        "http_req_waiting": {
            "avg": 75.02571396308561,
            "min": 0.283089,
            "med": 11.01211,
            "max": 5052.574775,
            "p(90)": 186.54527420000002,
            "p(95)": 213.58306079999988
        },
        "http_req_failed": {
            "passes": 0,
            "fails": 102723,
            "thresholds": {
                "rate<0.05": false
            },
            "value": 0
        },
        "http_req_duration": {
            "p(95)": 213.7128373,
            "avg": 75.09783985006251,
            "min": 0.323448,
            "med": 11.0729,
            "max": 5052.622249,
            "p(90)": 186.6625472,
            "thresholds": {
                "p(95)<2000": false
            }
        },
        "data_received": {
            "count": 324125056,
            "rate": 4319145.992824358
        },
        "http_req_blocked": {
            "avg": 0.0076011184836891,
            "min": 0.002107,
            "med": 0.004327,
            "max": 15.91986,
            "p(90)": 0.005574,
            "p(95)": 0.006124
        },
        "data_sent": {
            "count": 11196807,
            "rate": 149203.6582524423
        },
        "http_req_sending": {
            "avg": 0.016789274563632214,
            "min": 0.005817,
            "med": 0.012358,
            "max": 12.251659,
            "p(90)": 0.01829,
            "p(95)": 0.022865899999999995
        },
        "http_req_connecting": {
            "avg": 0.0019256270747544362,
            "min": 0,
            "med": 0,
            "max": 15.851848,
            "p(90)": 0,
            "p(95)": 0
        },
        "http_reqs": {
            "count": 102723,
            "rate": 1368.8409013985533
        },
        "http_req_duration{expected_response:true}": {
            "max": 5052.622249,
            "p(90)": 186.6625472,
            "p(95)": 213.7128373,
            "avg": 75.09783985006251,
            "min": 0.323448,
            "med": 11.0729
        },
        "checks": {
            "passes": 102723,
            "fails": 0,
            "value": 1
        },
        "vus": {
            "value": 2,
            "min": 2,
            "max": 500
        }
    },
    "root_group": {
        "name": "",
        "path": "",
        "id": "d41d8cd98f00b204e9800998ecf8427e",
        "groups": {},
        "checks": {
                "hello: status 200": {
                    "passes": 34241,
                    "fails": 0,
                    "name": "hello: status 200",
                    "path": "::hello: status 200",
                    "id": "7058b50c81b6576ebc0a925161dc4c75"
                },
                "users: status 200": {
                    "name": "users: status 200",
                    "path": "::users: status 200",
                    "id": "6602b84c5a5775f2fd4994c761780b2a",
                    "passes": 34241,
                    "fails": 0
                },
                "search: status 200": {
                    "name": "search: status 200",
                    "path": "::search: status 200",
                    "id": "cd68838b4cc6f7786becc08340f51f71",
                    "passes": 34241,
                    "fails": 0
                }
            }
    }
}