{
    "metrics": {
        "iterations": {
            "count": 43352,
            "rate": 541.8969242404739
        },
        "vus": {
            "value": 3,
            "min": 3,
            "max": 499
        },
        "vus_max": {
            "value": 500,
            "min": 500,
            "max": 500
        },
        "http_req_failed": {
            "passes": 2,
            "fails": 130054,
            "thresholds": {
                "rate<0.01": false
            },
            "value": 0.000015377991019253245
        },
        "http_req_sending": {
            "avg": 0.012171682790490227,
            "min": 0.005919,
            "med": 0.011363,
            "max": 3.575847,
            "p(90)": 0.016544,
            "p(95)": 0.01871125
        },
        "iteration_duration": {
            "avg": 400.3607348512401,
            "min": 6.081183,
            "med": 313.404275,
            "max": 3287.3138,
            "p(90)": 816.2173703,
            "p(95)": 1005.45854165
        },
        "data_sent": {
            "count": 14176185,
            "rate": 177201.30672088815
        },
        "http_req_receiving": {
            "avg": 0.04102314210801442,
            "min": 0,
            "med": 0.03905,
            "max": 4.132153,
            "p(90)": 0.0535815,
            "p(95)": 0.059025
        },
        "http_req_connecting": {
            "p(95)": 0,
            "avg": 0.0007763401688503415,
            "min": 0,
            "med": 0,
            "max": 16.329124,
            "p(90)": 0
        },
        "http_req_waiting": {
            "min": 0.175559,
            "med": 66.4856,
            "max": 2626.058157,
            "p(90)": 350.365026,
            "p(95)": 454.90025225,
            "avg": 133.30804277363526
        },
        "http_req_tls_handshaking": {
            "min": 0,
            "med": 0,
            "max": 0,
            "p(90)": 0,
            "p(95)": 0,
            "avg": 0
        },
        "http_req_duration": {
            "avg": 133.36123759853473,
            "min": 0.187821,
            "med": 66.54168,
            "max": 2626.122897,
            "p(90)": 350.42564400000003,
            "p(95)": 454.95771,
            "thresholds": {
                "p(95)<500": false
            }
        },
        "http_req_duration{expected_response:true}": {
            "avg": 133.36328516626193,
            "min": 0.547749,
            "med": 66.5421485,
            "max": 2626.122897,
            "p(90)": 350.4258752,
            "p(95)": 454.95819479999994
        },
        "http_req_blocked": {
            "avg": 0.004841219636156769,
            "min": 0.001957,
            "med": 0.003479,
            "max": 16.386402,
            "p(90)": 0.004814,
            "p(95)": 0.005177
        },
        "checks": {
            "fails": 2,
            "passes": 130054,
            "value": 0.9999846220089808
        },
        "http_reqs": {
            "count": 130056,
            "rate": 1625.690772721422
        },
        "data_received": {
            "count": 384436690,
            "rate": 4805431.349792134
        }
    },
    "root_group": {
        "name": "",
        "path": "",
        "id": "d41d8cd98f00b204e9800998ecf8427e",
        "groups": {},
        "checks": {
                "hello: status 200": {
                    "passes": 43352,
                    "fails": 0,
                    "name": "hello: status 200",
                    "path": "::hello: status 200",
                    "id": "7058b50c81b6576ebc0a925161dc4c75"
                },
                "users: status 200": {
                    "name": "users: status 200",
                    "path": "::users: status 200",
                    "id": "6602b84c5a5775f2fd4994c761780b2a",
                    "passes": 43352,
                    "fails": 0
                },
                "search: status 200": {
                    "id": "cd68838b4cc6f7786becc08340f51f71",
                    "passes": 43350,
                    "fails": 2,
                    "name": "search: status 200",
                    "path": "::search: status 200"
                }
            }
    }
}