{
    "root_group": {
        "name": "",
        "path": "",
        "id": "d41d8cd98f00b204e9800998ecf8427e",
        "groups": {},
        "checks": {
                "hello: status 200": {
                    "name": "hello: status 200",
                    "path": "::hello: status 200",
                    "id": "7058b50c81b6576ebc0a925161dc4c75",
                    "passes": 30968,
                    "fails": 0
                },
                "users: status 200": {
                    "path": "::users: status 200",
                    "id": "6602b84c5a5775f2fd4994c761780b2a",
                    "passes": 30968,
                    "fails": 0,
                    "name": "users: status 200"
                },
                "search: status 200": {
                    "name": "search: status 200",
                    "path": "::search: status 200",
                    "id": "cd68838b4cc6f7786becc08340f51f71",
                    "passes": 30968,
                    "fails": 0
                }
            }
    },
    "metrics": {
        "http_req_tls_handshaking": {
            "avg": 0,
            "min": 0,
            "med": 0,
            "max": 0,
            "p(90)": 0,
            "p(95)": 0
        },
        "data_sent": {
            "count": 10126779,
            "rate": 134835.6103886969
        },
        "iterations": {
            "rate": 412.33142172028886,
            "count": 30968
        },
        "http_reqs": {
            "rate": 1236.9942651608667,
            "count": 92904
        },
        "data_received": {
            "count": 274624224,
            "rate": 3656555.0478155217
        },
        "http_req_waiting": {
            "avg": 76.80165346609456,
            "min": 0.48853,
            "med": 5.923189,
            "max": 2978.613268,
            "p(90)": 363.1042288999999,
            "p(95)": 409.4498267499998
        },
        "http_req_failed": {
            "passes": 0,
            "fails": 92904,
            "thresholds": {
                "rate<0.05": false
            },
            "value": 0
        },
        "vus": {
            "value": 2,
            "min": 2,
            "max": 500
        },
        "http_req_duration": {
            "p(90)": 363.16764859999995,
            "p(95)": 409.5058181999999,
            "avg": 76.85331286410761,
            "min": 0.524174,
            "med": 5.9760694999999995,
            "max": 2978.661616,
            "thresholds": {
                "p(95)<2000": false
            }
        },
        "http_req_connecting": {
            "p(90)": 0,
            "p(95)": 0.08538894999999994,
            "avg": 0.006406956212864892,
            "min": 0,
            "med": 0,
            "max": 11.248723
        },
        "http_req_receiving": {
            "p(95)": 0.058142699999999985,
            "avg": 0.038691041397571575,
            "min": 0.015143,
            "med": 0.036031,
            "max": 1.064186,
            "p(90)": 0.0522467
        },
        "http_req_duration{expected_response:true}": {
            "p(90)": 363.16764859999995,
            "p(95)": 409.5058181999999,
            "avg": 76.85331286410761,
            "min": 0.524174,
            "med": 5.9760694999999995,
            "max": 2978.661616
        },
        "http_req_sending": {
            "p(90)": 0.019776699999999998,
            "p(95)": 0.025845849999999993,
            "avg": 0.012968356615431102,
            "min": 0.005862,
            "med": 0.010925,
            "max": 0.454436
        },
        "iteration_duration": {
            "avg": 331.23201081775227,
            "min": 106.053277,
            "med": 115.991527,
            "max": 3534.38949,
            "p(90)": 907.0963267,
            "p(95)": 1165.4424427999998
        },
        "vus_max": {
            "value": 500,
            "min": 500,
            "max": 500
        },
        "http_req_blocked": {
            "avg": 0.012271208257986463,
            "min": 0.002037,
            "med": 0.003489,
            "max": 11.304967,
            "p(90)": 0.005698,
            "p(95)": 0.11418809999999995
        },
        "checks": {
            "passes": 92904,
            "fails": 0,
            "value": 1
        }
    }
}