{
    "metrics": {
        "http_req_sending": {
            "med": 0.012146,
            "max": 2.552538,
            "p(90)": 0.017243,
            "p(95)": 0.01978465,
            "avg": 0.01470661365717604,
            "min": 0.006202
        },
        "data_sent": {
            "rate": 173284.062776567,
            "count": 5237232
        },
        "http_req_duration": {
            "min": 4.578052,
            "med": 138.7371445,
            "max": 1699.297123,
            "p(90)": 253.02830980000007,
            "p(95)": 287.9728020000001,
            "avg": 125.29850051138321,
            "thresholds": {
                "p(95)<500": false
            }
        },
        "http_reqs": {
            "count": 48048,
            "rate": 1589.7620438217155
        },
        "http_req_duration{expected_response:true}": {
            "max": 1699.297123,
            "p(90)": 253.02830980000007,
            "p(95)": 287.9728020000001,
            "avg": 125.29850051138321,
            "min": 4.578052,
            "med": 138.7371445
        },
        "http_req_connecting": {
            "avg": 0.0010346331793206797,
            "min": 0,
            "med": 0,
            "max": 1.607707,
            "p(90)": 0,
            "p(95)": 0
        },
        "vus_max": {
            "max": 200,
            "value": 200,
            "min": 200
        },
        "iteration_duration": {
            "max": 2188.481792,
            "p(90)": 510.121441,
            "p(95)": 580.01491975,
            "avg": 376.20120268737554,
            "min": 118.188562,
            "med": 351.5291275
        },
        "http_req_waiting": {
            "avg": 125.23909635843376,
            "min": 4.513761,
            "med": 138.6846405,
            "max": 1699.205568,
            "p(90)": 252.9710643,
            "p(95)": 287.91578905000017
        },
        "http_req_receiving": {
            "p(90)": 0.056807300000000005,
            "p(95)": 0.0627993,
            "avg": 0.04469753929403928,
            "min": 0.016113,
            "med": 0.042434,
            "max": 1.234898
        },
        "data_received": {
            "count": 142029888,
            "rate": 4699336.601536991
        },
        "checks": {
            "fails": 0,
            "passes": 48048,
            "value": 1
        },
        "vus": {
            "value": 200,
            "min": 200,
            "max": 200
        },
        "http_req_failed": {
            "passes": 0,
            "fails": 48048,
            "thresholds": {
                "rate<0.01": false
            },
            "value": 0
        },
        "http_req_tls_handshaking": {
            "max": 0,
            "p(90)": 0,
            "p(95)": 0,
            "avg": 0,
            "min": 0,
            "med": 0
        },
        "http_req_blocked": {
            "avg": 0.006734182879620452,
            "min": 0.002113,
            "med": 0.0041425,
            "max": 3.76252,
            "p(90)": 0.00507,
            "p(95)": 0.005625650000000001
        },
        "iterations": {
            "count": 16016,
            "rate": 529.9206812739052
        }
    },
    "root_group": {
        "name": "",
        "path": "",
        "id": "d41d8cd98f00b204e9800998ecf8427e",
        "groups": {},
        "checks": {
                "hello: status 200": {
                    "name": "hello: status 200",
                    "path": "::hello: status 200",
                    "id": "7058b50c81b6576ebc0a925161dc4c75",
                    "passes": 16016,
                    "fails": 0
                },
                "users: status 200": {
                    "path": "::users: status 200",
                    "id": "6602b84c5a5775f2fd4994c761780b2a",
                    "passes": 16016,
                    "fails": 0,
                    "name": "users: status 200"
                },
                "search: status 200": {
                    "name": "search: status 200",
                    "path": "::search: status 200",
                    "id": "cd68838b4cc6f7786becc08340f51f71",
                    "passes": 16016,
                    "fails": 0
                }
            }
    }
}