{
    "metrics": {
        "vus": {
            "min": 200,
            "max": 200,
            "value": 200
        },
        "iterations": {
            "count": 23140,
            "rate": 762.2468561605069
        },
        "http_req_blocked": {
            "min": 0.001882,
            "med": 0.003558,
            "max": 10.295636,
            "p(90)": 0.004931,
            "p(95)": 0.005462100000000005,
            "avg": 0.008012301037165145
        },
        "http_req_waiting": {
            "avg": 86.79339808163284,
            "min": 0.54628,
            "med": 19.2291755,
            "max": 2001.240495,
            "p(90)": 254.6013094,
            "p(95)": 324.0810814
        },
        "http_req_duration{expected_response:true}": {
            "avg": 139.63454206765851,
            "min": 0.591232,
            "med": 89.772176,
            "max": 2001.315568,
            "p(90)": 305.8295731999999,
            "p(95)": 402.25953809999965
        },
        "data_sent": {
            "count": 7566780,
            "rate": 249254.72196448577
        },
        "http_req_duration": {
            "avg": 86.84637527689445,
            "min": 0.591232,
            "med": 19.275749,
            "max": 2001.315568,
            "p(90)": 254.67828149999997,
            "p(95)": 324.1527201,
            "thresholds": {
                "p(95)<500": false
            }
        },
        "http_reqs": {
            "count": 69420,
            "rate": 2286.7405684815208
        },
        "http_req_tls_handshaking": {
            "avg": 0,
            "min": 0,
            "med": 0,
            "max": 0,
            "p(90)": 0,
            "p(95)": 0
        },
        "http_req_receiving": {
            "med": 0.03615,
            "max": 2.205068,
            "p(90)": 0.0549372,
            "p(95)": 0.0618,
            "avg": 0.039153339613944675,
            "min": 0.012938
        },
        "vus_max": {
            "min": 200,
            "max": 200,
            "value": 200
        },
        "data_received": {
            "count": 125934702,
            "rate": 4148372.112403211
        },
        "checks": {
            "passes": 39315,
            "fails": 30105,
            "value": 0.5663353500432152
        },
        "http_req_failed": {
            "passes": 30105,
            "fails": 39315,
            "thresholds": {
                "rate<0.01": true
            },
            "value": 0.4336646499567848
        },
        "iteration_duration": {
            "max": 2292.09713,
            "p(90)": 585.2490249000001,
            "p(95)": 724.1243702499996,
            "avg": 260.82092601620633,
            "min": 18.861509,
            "med": 181.91263700000002
        },
        "http_req_sending": {
            "avg": 0.013823855646787482,
            "min": 0.005479,
            "med": 0.01113,
            "max": 8.626185,
            "p(90)": 0.016865,
            "p(95)": 0.019728100000000005
        },
        "http_req_connecting": {
            "avg": 0.003267940377412849,
            "min": 0,
            "med": 0,
            "max": 8.322166,
            "p(90)": 0,
            "p(95)": 0
        }
    },
    "root_group": {
        "checks": {
            "hello: status 200": {
                "name": "hello: status 200",
                "path": "::hello: status 200",
                "id": "7058b50c81b6576ebc0a925161dc4c75",
                "passes": 13041,
                "fails": 10099
            },
            "users: status 200": {
                "name": "users: status 200",
                "path": "::users: status 200",
                "id": "6602b84c5a5775f2fd4994c761780b2a",
                "passes": 13117,
                "fails": 10023
            },
            "search: status 200": {
                "name": "search: status 200",
                "path": "::search: status 200",
                "id": "cd68838b4cc6f7786becc08340f51f71",
                "passes": 13157,
                "fails": 9983
            }
        },
        "name": "",
        "path": "",
        "id": "d41d8cd98f00b204e9800998ecf8427e",
        "groups": {}
    }
}