{
    "metrics": {
        "http_req_duration{expected_response:true}": {
            "avg": 135.03260062750104,
            "min": 0.560227,
            "med": 67.5289705,
            "max": 3202.952205,
            "p(90)": 364.04449650000004,
            "p(95)": 462.702087
        },
        "http_req_blocked": {
            "med": 0.003548,
            "max": 12.426633,
            "p(90)": 0.004881,
            "p(95)": 0.005301,
            "avg": 0.00481919497031519,
            "min": 0.002028
        },
        "http_req_receiving": {
            "avg": 0.04224646949430771,
            "min": 0,
            "med": 0.040051,
            "max": 1.129436,
            "p(90)": 0.05528840000000001,
            "p(95)": 0.0613422
        },
        "http_reqs": {
            "count": 128517,
            "rate": 1606.372159517236
        },
        "http_req_connecting": {
            "p(95)": 0,
            "avg": 0.0006876001073787896,
            "min": 0,
            "med": 0,
            "max": 12.356252,
            "p(90)": 0
        },
        "http_req_sending": {
            "p(90)": 0.01695,
            "p(95)": 0.01941859999999999,
            "avg": 0.01246988322945602,
            "min": 0.005805,
            "med": 0.011615,
            "max": 2.421341
        },
        "http_req_waiting": {
            "max": 3202.894638,
            "p(90)": 363.98568320000004,
            "p(95)": 462.6402451999999,
            "avg": 134.97683518302586,
            "min": 0.192497,
            "med": 67.473712
        },
        "checks": {
            "passes": 128516,
            "fails": 1,
            "value": 0.9999922189282352
        },
        "http_req_duration": {
            "p(90)": 364.0435890000001,
            "p(95)": 462.7012967999999,
            "avg": 135.03155153574954,
            "min": 0.206476,
            "med": 67.528905,
            "max": 3202.952205,
            "thresholds": {
                "p(95)<500": false
            }
        },
        "http_req_failed": {
            "passes": 1,
            "fails": 128516,
            "thresholds": {
                "rate<0.01": false
            },
            "value": 0.000007781071764824888
        },
        "data_sent": {
            "count": 14008605,
            "rate": 175097.7152102364
        },
        "iteration_duration": {
            "p(95)": 1040.0523533999994,
            "avg": 405.3777544469964,
            "min": 6.391108,
            "med": 309.66067,
            "max": 3657.046507,
            "p(90)": 838.585253
        },
        "vus": {
            "value": 3,
            "min": 3,
            "max": 499
        },
        "data_received": {
            "rate": 4748380.194177226,
            "count": 379891779
        },
        "http_req_tls_handshaking": {
            "avg": 0,
            "min": 0,
            "med": 0,
            "max": 0,
            "p(90)": 0,
            "p(95)": 0
        },
        "iterations": {
            "count": 42839,
            "rate": 535.4573865057454
        },
        "vus_max": {
            "value": 500,
            "min": 500,
            "max": 500
        }
    },
    "root_group": {
        "name": "",
        "path": "",
        "id": "d41d8cd98f00b204e9800998ecf8427e",
        "groups": {},
        "checks": {
                "hello: status 200": {
                    "name": "hello: status 200",
                    "path": "::hello: status 200",
                    "id": "7058b50c81b6576ebc0a925161dc4c75",
                    "passes": 42839,
                    "fails": 0
                },
                "users: status 200": {
                    "name": "users: status 200",
                    "path": "::users: status 200",
                    "id": "6602b84c5a5775f2fd4994c761780b2a",
                    "passes": 42839,
                    "fails": 0
                },
                "search: status 200": {
                    "fails": 1,
                    "name": "search: status 200",
                    "path": "::search: status 200",
                    "id": "cd68838b4cc6f7786becc08340f51f71",
                    "passes": 42838
                }
            }
    }
}