{
    "metrics": {
        "http_req_receiving": {
            "min": 0,
            "med": 0.042163,
            "max": 1.962969,
            "p(90)": 0.056402,
            "p(95)": 0.061831399999999995,
            "avg": 0.044117005417576086
        },
        "data_received": {
            "count": 378118179,
            "rate": 4726192.205397053
        },
        "iteration_duration": {
            "avg": 407.18157036072773,
            "min": 6.388336,
            "med": 315.390911,
            "max": 2735.145166,
            "p(90)": 856.7591526000002,
            "p(95)": 1022.2910534
        },
        "vus_max": {
            "max": 500,
            "value": 500,
            "min": 500
        },
        "http_req_sending": {
            "min": 0.005997,
            "med": 0.012187,
            "max": 1.952105,
            "p(90)": 0.017368,
            "p(95)": 0.019797,
            "avg": 0.013031708138871334
        },
        "checks": {
            "passes": 127916,
            "fails": 1,
            "value": 0.999992182430795
        },
        "http_req_tls_handshaking": {
            "max": 0,
            "p(90)": 0,
            "p(95)": 0,
            "avg": 0,
            "min": 0,
            "med": 0
        },
        "http_req_waiting": {
            "med": 67.650766,
            "max": 2193.420919,
            "p(90)": 374.26501740000003,
            "p(95)": 452.58111199999996,
            "avg": 135.570972710725,
            "min": 0.232988
        },
        "http_req_duration{expected_response:true}": {
            "avg": 135.62917978123053,
            "min": 0.569919,
            "med": 67.7125295,
            "max": 2193.48336,
            "p(90)": 374.3279125,
            "p(95)": 452.62836025
        },
        "http_req_failed": {
            "passes": 1,
            "fails": 127916,
            "thresholds": {
                "rate<0.01": false
            },
            "value": 0.000007817569205031387
        },
        "http_req_duration": {
            "min": 0.247334,
            "med": 67.710983,
            "max": 2193.48336,
            "p(90)": 374.3270340000001,
            "p(95)": 452.62736599999994,
            "avg": 135.62812142428203,
            "thresholds": {
                "p(95)<500": false
            }
        },
        "vus": {
            "value": 3,
            "min": 3,
            "max": 499
        },
        "http_req_connecting": {
            "avg": 0.0006693424329838884,
            "min": 0,
            "med": 0,
            "max": 12.463239,
            "p(90)": 0,
            "p(95)": 0
        },
        "data_sent": {
            "count": 13943205,
            "rate": 174279.5518679709
        },
        "iterations": {
            "count": 42639,
            "rate": 532.95535797533
        },
        "http_reqs": {
            "count": 127917,
            "rate": 1598.8660739259901
        },
        "http_req_blocked": {
            "med": 0.003976,
            "max": 12.538715,
            "p(90)": 0.004998,
            "p(95)": 0.005466,
            "avg": 0.0050470231321873464,
            "min": 0.001962
        }
    },
    "root_group": {
        "name": "",
        "path": "",
        "id": "d41d8cd98f00b204e9800998ecf8427e",
        "groups": {},
        "checks": {
                "hello: status 200": {
                    "name": "hello: status 200",
                    "path": "::hello: status 200",
                    "id": "7058b50c81b6576ebc0a925161dc4c75",
                    "passes": 42639,
                    "fails": 0
                },
                "users: status 200": {
                    "fails": 0,
                    "name": "users: status 200",
                    "path": "::users: status 200",
                    "id": "6602b84c5a5775f2fd4994c761780b2a",
                    "passes": 42639
                },
                "search: status 200": {
                    "passes": 42638,
                    "fails": 1,
                    "name": "search: status 200",
                    "path": "::search: status 200",
                    "id": "cd68838b4cc6f7786becc08340f51f71"
                }
            }
    }
}