{
    "root_group": {
        "name": "",
        "path": "",
        "id": "d41d8cd98f00b204e9800998ecf8427e",
        "groups": {},
        "checks": {
                "hello: status 200": {
                    "name": "hello: status 200",
                    "path": "::hello: status 200",
                    "id": "7058b50c81b6576ebc0a925161dc4c75",
                    "passes": 28461,
                    "fails": 0
                },
                "users: status 200": {
                    "name": "users: status 200",
                    "path": "::users: status 200",
                    "id": "6602b84c5a5775f2fd4994c761780b2a",
                    "passes": 28449,
                    "fails": 0
                },
                "search: status 200": {
                    "name": "search: status 200",
                    "path": "::search: status 200",
                    "id": "cd68838b4cc6f7786becc08340f51f71",
                    "passes": 28439,
                    "fails": 0
                }
            }
    },
    "metrics": {
        "http_req_failed": {
            "passes": 0,
            "fails": 85349,
            "thresholds": {
                "rate<0.05": false
            },
            "value": 0
        },
        "http_req_waiting": {
            "max": 2324.958119,
            "p(90)": 366.3817504,
            "p(95)": 442.0283409999999,
            "avg": 85.91322995111852,
            "min": 0.499621,
            "med": 7.593479
        },
        "iteration_duration": {
            "avg": 358.7877628639216,
            "min": 106.332907,
            "med": 123.674293,
            "max": 2924.127794,
            "p(90)": 956.1827734,
            "p(95)": 1159.8316205999995
        },
        "vus_max": {
            "value": 500,
            "min": 500,
            "max": 500
        },
        "http_req_duration": {
            "avg": 85.96684542865066,
            "min": 0.537686,
            "med": 7.64469,
            "max": 2325.014396,
            "p(90)": 366.42496379999994,
            "p(95)": 442.08542119999976,
            "thresholds": {
                "p(95)<2000": false
            }
        },
        "vus": {
            "value": 41,
            "min": 5,
            "max": 500
        },
        "http_reqs": {
            "rate": 1192.2167340391456,
            "count": 85349
        },
        "data_sent": {
            "count": 9307467,
            "rate": 130013.4495883622
        },
        "iterations": {
            "count": 28425,
            "rate": 397.0610161227749
        },
        "http_req_connecting": {
            "min": 0,
            "med": 0,
            "max": 10.879261,
            "p(90)": 0,
            "p(95)": 0,
            "avg": 0.0034554522841509505
        },
        "http_req_tls_handshaking": {
            "med": 0,
            "max": 0,
            "p(90)": 0,
            "p(95)": 0,
            "avg": 0,
            "min": 0
        },
        "http_req_receiving": {
            "min": 0.015231,
            "med": 0.038404,
            "max": 0.680291,
            "p(90)": 0.0537302,
            "p(95)": 0.059356,
            "avg": 0.0405550084242342
        },
        "data_received": {
            "rate": 3523591.829039187,
            "count": 252248631
        },
        "checks": {
            "passes": 85349,
            "fails": 0,
            "value": 1
        },
        "http_req_blocked": {
            "med": 0.003788,
            "max": 10.943955,
            "p(90)": 0.005475,
            "p(95)": 0.006646599999999991,
            "avg": 0.008738732732662553,
            "min": 0.002048
        },
        "http_req_sending": {
            "med": 0.01146,
            "max": 0.705462,
            "p(90)": 0.018070199999999998,
            "p(95)": 0.022153199999999984,
            "avg": 0.013060469109186944,
            "min": 0.0058
        },
        "http_req_duration{expected_response:true}": {
            "med": 7.64469,
            "max": 2325.014396,
            "p(90)": 366.42496379999994,
            "p(95)": 442.08542119999976,
            "avg": 85.96684542865066,
            "min": 0.537686
        }
    }
}