{
    "root_group": {
        "name": "",
        "path": "",
        "id": "d41d8cd98f00b204e9800998ecf8427e",
        "groups": {},
        "checks": {
                "hello: status 200": {
                    "name": "hello: status 200",
                    "path": "::hello: status 200",
                    "id": "7058b50c81b6576ebc0a925161dc4c75",
                    "passes": 11714,
                    "fails": 13523
                },
                "users: status 200": {
                    "name": "users: status 200",
                    "path": "::users: status 200",
                    "id": "6602b84c5a5775f2fd4994c761780b2a",
                    "passes": 11767,
                    "fails": 13470
                },
                "search: status 200": {
                    "name": "search: status 200",
                    "path": "::search: status 200",
                    "id": "cd68838b4cc6f7786becc08340f51f71",
                    "passes": 11828,
                    "fails": 13409
                }
            }
    },
    "metrics": {
        "http_req_waiting": {
            "min": 0.591414,
            "med": 17.977243,
            "max": 2457.400849,
            "p(90)": 181.385472,
            "p(95)": 450.979078,
            "avg": 79.83376638554456
        },
        "checks": {
            "passes": 35309,
            "fails": 40402,
            "value": 0.4663655215226321
        },
        "http_req_sending": {
            "avg": 0.013126861565690637,
            "min": 0.005312,
            "med": 0.010392,
            "max": 4.192103,
            "p(90)": 0.016439,
            "p(95)": 0.0191235
        },
        "http_reqs": {
            "count": 75711,
            "rate": 2478.12949425717
        },
        "data_received": {
            "count": 117292455,
            "rate": 3839150.0863722824
        },
        "http_req_connecting": {
            "avg": 0.006159039175284965,
            "min": 0,
            "med": 0,
            "max": 15.904606,
            "p(90)": 0,
            "p(95)": 0
        },
        "iteration_duration": {
            "min": 16.097883,
            "med": 56.736302,
            "max": 3733.212263,
            "p(90)": 704.0947378000001,
            "p(95)": 1047.815881599999,
            "avg": 239.9296732117121
        },
        "vus": {
            "value": 200,
            "min": 200,
            "max": 200
        },
        "http_req_duration{expected_response:true}": {
            "med": 58.58809,
            "max": 2457.48743,
            "p(90)": 458.1977012,
            "p(95)": 558.1307058,
            "avg": 151.33896915123574,
            "min": 0.63229
        },
        "http_req_blocked": {
            "p(95)": 0.005327,
            "avg": 0.010882331444572063,
            "min": 0.001869,
            "med": 0.003332,
            "max": 15.945799,
            "p(90)": 0.004831
        },
        "http_req_receiving": {
            "max": 1.280082,
            "p(90)": 0.052696,
            "p(95)": 0.0592445,
            "avg": 0.03655474713053625,
            "min": 0.011912,
            "med": 0.033093
        },
        "iterations": {
            "count": 25237,
            "rate": 826.04316475239
        },
        "vus_max": {
            "value": 200,
            "min": 200,
            "max": 200
        },
        "data_sent": {
            "count": 8252499,
            "rate": 270116.1148740315
        },
        "http_req_duration": {
            "avg": 79.8834479942403,
            "min": 0.63229,
            "med": 18.0202,
            "max": 2457.48743,
            "p(90)": 181.429424,
            "p(95)": 451.030989,
            "thresholds": {
                "p(95)<500": false
            }
        },
        "http_req_tls_handshaking": {
            "med": 0,
            "max": 0,
            "p(90)": 0,
            "p(95)": 0,
            "avg": 0,
            "min": 0
        },
        "http_req_failed": {
            "passes": 40402,
            "fails": 35309,
            "thresholds": {
                "rate<0.01": true
            },
            "value": 0.5336344784773679
        }
    }
}