{
    "root_group": {
        "checks": {
            "hello: status 200": {
                "name": "hello: status 200",
                "path": "::hello: status 200",
                "id": "7058b50c81b6576ebc0a925161dc4c75",
                "passes": 28143,
                "fails": 0
            },
            "users: status 200": {
                "name": "users: status 200",
                "path": "::users: status 200",
                "id": "6602b84c5a5775f2fd4994c761780b2a",
                "passes": 28143,
                "fails": 0
            },
            "search: status 200": {
                "name": "search: status 200",
                "path": "::search: status 200",
                "id": "cd68838b4cc6f7786becc08340f51f71",
                "passes": 28141,
                "fails": 2
            }
        },
        "name": "",
        "path": "",
        "id": "d41d8cd98f00b204e9800998ecf8427e",
        "groups": {}
    },
    "metrics": {
        "http_req_tls_handshaking": {
            "min": 0,
            "med": 0,
            "max": 0,
            "p(90)": 0,
            "p(95)": 0,
            "avg": 0
        },
        "iterations": {
            "count": 28143,
            "rate": 351.781701032563
        },
        "http_req_receiving": {
            "p(95)": 0.0658017999999999,
            "avg": 0.04371030700351815,
            "min": 0,
            "med": 0.040755,
            "max": 4.078658,
            "p(90)": 0.0576072
        },
        "http_req_blocked": {
            "min": 0.002016,
            "med": 0.003583,
            "max": 16.984643,
            "p(90)": 0.004943,
            "p(95)": 0.005499,
            "avg": 0.005522634829264835
        },
        "http_req_waiting": {
            "med": 101.805807,
            "max": 4595.367051,
            "p(90)": 554.1767471999998,
            "p(95)": 720.0008365999994,
            "avg": 206.29823236076436,
            "min": 0.126962
        },
        "data_sent": {
            "count": 9203013,
            "rate": 115035.76618572259
        },
        "http_req_failed": {
            "passes": 2,
            "fails": 84427,
            "thresholds": {
                "rate<0.01": false
            },
            "value": 0.00002368854303616056
        },
        "http_reqs": {
            "count": 84429,
            "rate": 1055.345103097689
        },
        "http_req_connecting": {
            "avg": 0.0012060632365656348,
            "min": 0,
            "med": 0,
            "max": 16.90528,
            "p(90)": 0,
            "p(95)": 0
        },
        "http_req_sending": {
            "avg": 0.012653962737921642,
            "min": 0.005967,
            "med": 0.01173,
            "max": 0.462805,
            "p(90)": 0.017231,
            "p(95)": 0.020061599999999992
        },
        "checks": {
            "passes": 84427,
            "fails": 2,
            "value": 0.9999763114569639
        },
        "iteration_duration": {
            "avg": 619.3555911508342,
            "min": 6.266541,
            "med": 490.609222,
            "max": 5104.499794,
            "p(90)": 1280.1666596,
            "p(95)": 1590.0767446
        },
        "vus": {
            "value": 3,
            "min": 3,
            "max": 499
        },
        "data_received": {
            "rate": 3119490.8015589137,
            "count": 249563378
        },
        "vus_max": {
            "max": 500,
            "value": 500,
            "min": 500
        },
        "http_req_duration": {
            "max": 4595.434959,
            "p(90)": 554.2184397999998,
            "p(95)": 720.0644073999994,
            "avg": 206.3545966305069,
            "min": 0.143283,
            "med": 101.867718,
            "thresholds": {
                "p(95)<500": true
            }
        },
        "http_req_duration{expected_response:true}": {
            "p(90)": 554.2299286000006,
            "p(95)": 720.0710142999998,
            "avg": 206.35947970911042,
            "min": 0.536906,
            "med": 101.871004,
            "max": 4595.434959
        }
    }
}