{
    "root_group": {
        "groups": {},
        "checks": {
                "hello: status 200": {
                    "id": "7058b50c81b6576ebc0a925161dc4c75",
                    "passes": 23443,
                    "fails": 15,
                    "name": "hello: status 200",
                    "path": "::hello: status 200"
                },
                "users: status 200": {
                    "name": "users: status 200",
                    "path": "::users: status 200",
                    "id": "6602b84c5a5775f2fd4994c761780b2a",
                    "passes": 23455,
                    "fails": 3
                },
                "search: status 200": {
                    "fails": 4,
                    "name": "search: status 200",
                    "path": "::search: status 200",
                    "id": "cd68838b4cc6f7786becc08340f51f71",
                    "passes": 23454
                }
            },
        "name": "",
        "path": "",
        "id": "d41d8cd98f00b204e9800998ecf8427e"
    },
    "metrics": {
        "iterations": {
            "count": 23458,
            "rate": 312.6358450134077
        },
        "http_req_receiving": {
            "min": 0,
            "med": 0.037065,
            "max": 3.076191,
            "p(90)": 0.05400840000000001,
            "p(95)": 0.06079934999999999,
            "avg": 0.039826036718106424
        },
        "http_req_connecting": {
            "p(95)": 0.0870461999999999,
            "avg": 0.0069176536362861255,
            "min": 0,
            "med": 0,
            "max": 13.637675,
            "p(90)": 0
        },
        "http_req_sending": {
            "avg": 0.013362830008241608,
            "min": 0.005862,
            "med": 0.011165,
            "max": 2.324618,
            "p(90)": 0.02051940000000001,
            "p(95)": 0.027187349999999992
        },
        "http_req_tls_handshaking": {
            "p(95)": 0,
            "avg": 0,
            "min": 0,
            "med": 0,
            "max": 0,
            "p(90)": 0
        },
        "checks": {
            "passes": 70352,
            "fails": 22,
            "value": 0.9996873845454287
        },
        "vus": {
            "value": 1,
            "min": 1,
            "max": 500
        },
        "http_req_duration{expected_response:true}": {
            "med": 9.560660500000001,
            "max": 5665.4127,
            "p(90)": 504.05075600000004,
            "p(95)": 656.6154134499999,
            "avg": 113.29262133268357,
            "min": 0.533369
        },
        "data_sent": {
            "count": 7670856,
            "rate": 102233.12079189054
        },
        "data_received": {
            "count": 207992239,
            "rate": 2772010.802114232
        },
        "iteration_duration": {
            "p(90)": 1374.2071943,
            "p(95)": 1812.7495032499996,
            "avg": 440.45798159468035,
            "min": 106.230297,
            "med": 137.40829050000002,
            "max": 5881.360306
        },
        "http_req_waiting": {
            "avg": 113.20414072013828,
            "min": 0.198298,
            "med": 9.5052055,
            "max": 5665.347584,
            "p(90)": 503.9442073000001,
            "p(95)": 656.4736161999995
        },
        "http_reqs": {
            "count": 70374,
            "rate": 937.907535040223
        },
        "http_req_blocked": {
            "p(90)": 0.0060327000000000046,
            "p(95)": 0.11786474999999995,
            "avg": 0.013117027552789564,
            "min": 0.001866,
            "med": 0.003574,
            "max": 13.712847
        },
        "vus_max": {
            "min": 500,
            "max": 500,
            "value": 500
        },
        "http_req_duration": {
            "avg": 113.25732958686382,
            "min": 0.211431,
            "med": 9.553937000000001,
            "max": 5665.4127,
            "p(90)": 503.99252690000003,
            "p(95)": 656.5361057999993,
            "thresholds": {
                "p(95)<2000": false
            }
        },
        "http_req_failed": {
            "passes": 22,
            "fails": 70352,
            "thresholds": {
                "rate<0.05": false
            },
            "value": 0.0003126154545712905
        }
    }
}