{
    "metrics": {
        "http_req_failed": {
            "fails": 23526,
            "passes": 31308,
            "thresholds": {
                "rate<0.01": true
            },
            "value": 0.5709596235912026
        },
        "http_reqs": {
            "count": 54834,
            "rate": 1798.26925967656
        },
        "http_req_tls_handshaking": {
            "avg": 0,
            "min": 0,
            "med": 0,
            "max": 0,
            "p(90)": 0,
            "p(95)": 0
        },
        "http_req_receiving": {
            "min": 0.012672,
            "med": 0.033534,
            "max": 3.042766,
            "p(90)": 0.054064,
            "p(95)": 0.0620777,
            "avg": 0.03840909492285812
        },
        "http_req_sending": {
            "p(95)": 0.01988309999999999,
            "avg": 0.01411527156508748,
            "min": 0.005172,
            "med": 0.010699,
            "max": 18.149803,
            "p(90)": 0.016703
        },
        "http_req_waiting": {
            "avg": 110.04344595597605,
            "min": 0.35544,
            "med": 18.447377000000003,
            "max": 3363.163629,
            "p(90)": 330.2053395000001,
            "p(95)": 488.73850595
        },
        "http_req_duration{expected_response:true}": {
            "med": 151.8708115,
            "max": 3363.213855,
            "p(90)": 530.0248165,
            "p(95)": 655.9377037500001,
            "avg": 233.25749692573967,
            "min": 3.697658
        },
        "vus": {
            "value": 200,
            "min": 200,
            "max": 200
        },
        "iteration_duration": {
            "avg": 330.5939172593841,
            "min": 24.214569,
            "med": 57.112198,
            "max": 3888.581798,
            "p(90)": 820.9389299999996,
            "p(95)": 1175.3876676999985
        },
        "data_sent": {
            "count": 5976906,
            "rate": 196011.34930474503
        },
        "http_req_blocked": {
            "avg": 0.01668636196520406,
            "min": 0.001848,
            "med": 0.0034625,
            "max": 19.647915,
            "p(90)": 0.004933,
            "p(95)": 0.00566
        },
        "checks": {
            "passes": 23526,
            "fails": 31308,
            "value": 0.42904037640879744
        },
        "vus_max": {
            "max": 200,
            "value": 200,
            "min": 200
        },
        "iterations": {
            "count": 18278,
            "rate": 599.4230865588534
        },
        "http_req_duration": {
            "avg": 110.09597032246307,
            "min": 0.38111,
            "med": 18.4944295,
            "max": 3363.213855,
            "p(90)": 330.27077020000013,
            "p(95)": 488.79623495,
            "thresholds": {
                "p(95)<500": false
            }
        },
        "http_req_connecting": {
            "p(95)": 0,
            "avg": 0.009529589925958348,
            "min": 0,
            "med": 0,
            "max": 17.567082,
            "p(90)": 0
        },
        "data_received": {
            "count": 79594767,
            "rate": 2610293.2984502004
        }
    },
    "root_group": {
        "name": "",
        "path": "",
        "id": "d41d8cd98f00b204e9800998ecf8427e",
        "groups": {},
        "checks": {
                "hello: status 200": {
                    "fails": 10489,
                    "name": "hello: status 200",
                    "path": "::hello: status 200",
                    "id": "7058b50c81b6576ebc0a925161dc4c75",
                    "passes": 7789
                },
                "users: status 200": {
                    "name": "users: status 200",
                    "path": "::users: status 200",
                    "id": "6602b84c5a5775f2fd4994c761780b2a",
                    "passes": 7846,
                    "fails": 10432
                },
                "search: status 200": {
                    "id": "cd68838b4cc6f7786becc08340f51f71",
                    "passes": 7891,
                    "fails": 10387,
                    "name": "search: status 200",
                    "path": "::search: status 200"
                }
            }
    }
}