{
    "root_group": {
        "groups": {},
        "checks": {
                "hello: status 200": {
                    "name": "hello: status 200",
                    "path": "::hello: status 200",
                    "id": "7058b50c81b6576ebc0a925161dc4c75",
                    "passes": 13862,
                    "fails": 0
                },
                "users: status 200": {
                    "name": "users: status 200",
                    "path": "::users: status 200",
                    "id": "6602b84c5a5775f2fd4994c761780b2a",
                    "passes": 13862,
                    "fails": 0
                },
                "search: status 200": {
                    "path": "::search: status 200",
                    "id": "cd68838b4cc6f7786becc08340f51f71",
                    "passes": 13860,
                    "fails": 2,
                    "name": "search: status 200"
                }
            },
        "name": "",
        "path": "",
        "id": "d41d8cd98f00b204e9800998ecf8427e"
    },
    "metrics": {
        "http_req_failed": {
            "passes": 2,
            "fails": 41584,
            "thresholds": {
                "rate<0.01": false
            },
            "value": 0.00004809310825758669
        },
        "http_req_tls_handshaking": {
            "avg": 0,
            "min": 0,
            "med": 0,
            "max": 0,
            "p(90)": 0,
            "p(95)": 0
        },
        "http_req_sending": {
            "min": 0.006221,
            "med": 0.012038,
            "max": 0.539059,
            "p(90)": 0.017927,
            "p(95)": 0.021409499999999998,
            "avg": 0.013199952940893558
        },
        "data_received": {
            "count": 122919470,
            "rate": 1536379.0821084746
        },
        "http_req_duration{expected_response:true}": {
            "med": 203.907844,
            "max": 8396.340318,
            "p(90)": 1181.0074723000005,
            "p(95)": 1481.0616633999998,
            "avg": 424.5190952733267,
            "min": 0.537492
        },
        "data_sent": {
            "count": 4533126,
            "rate": 56659.86001210435
        },
        "http_reqs": {
            "count": 41586,
            "rate": 519.7863325359524
        },
        "http_req_connecting": {
            "avg": 0.0022103326600298205,
            "min": 0,
            "med": 0,
            "max": 11.28248,
            "p(90)": 0,
            "p(95)": 0
        },
        "iterations": {
            "rate": 173.26211084531744,
            "count": 13862
        },
        "vus_max": {
            "value": 500,
            "min": 500,
            "max": 500
        },
        "http_req_duration": {
            "p(95)": 1481.048017,
            "avg": 424.49868684677585,
            "min": 0.109284,
            "med": 203.90393899999998,
            "max": 8396.340318,
            "p(90)": 1180.9911405,
            "thresholds": {
                "p(95)<500": true
            }
        },
        "http_req_blocked": {
            "p(95)": 0.00598975,
            "avg": 0.007026893401625632,
            "min": 0.002053,
            "med": 0.003685,
            "max": 11.396261,
            "p(90)": 0.005127
        },
        "iteration_duration": {
            "min": 6.229242,
            "med": 989.4785850000001,
            "max": 9501.024434,
            "p(90)": 2690.7772563,
            "p(95)": 3294.998796249999,
            "avg": 1273.8055301192471
        },
        "http_req_waiting": {
            "avg": 424.439803874692,
            "min": 0.095132,
            "med": 203.844052,
            "max": 8396.286165,
            "p(90)": 1180.9070355,
            "p(95)": 1480.99355275
        },
        "checks": {
            "passes": 41584,
            "fails": 2,
            "value": 0.9999519068917424
        },
        "vus": {
            "value": 4,
            "min": 4,
            "max": 499
        },
        "http_req_receiving": {
            "avg": 0.045683019141056845,
            "min": 0,
            "med": 0.0424695,
            "max": 0.75545,
            "p(90)": 0.061216,
            "p(95)": 0.070913
        }
    }
}