{
    "root_group": {
        "id": "d41d8cd98f00b204e9800998ecf8427e",
        "groups": {},
        "checks": {
                "hello: status 200": {
                    "name": "hello: status 200",
                    "path": "::hello: status 200",
                    "id": "7058b50c81b6576ebc0a925161dc4c75",
                    "passes": 11298,
                    "fails": 59
                },
                "users: status 200": {
                    "id": "6602b84c5a5775f2fd4994c761780b2a",
                    "passes": 11349,
                    "fails": 8,
                    "name": "users: status 200",
                    "path": "::users: status 200"
                },
                "search: status 200": {
                    "name": "search: status 200",
                    "path": "::search: status 200",
                    "id": "cd68838b4cc6f7786becc08340f51f71",
                    "passes": 11349,
                    "fails": 8
                }
            },
        "name": "",
        "path": ""
    },
    "metrics": {
        "data_sent": {
            "count": 3714621,
            "rate": 49495.006325364026
        },
        "iterations": {
            "count": 11357,
            "rate": 151.32493647054685
        },
        "http_req_blocked": {
            "avg": 0.016183995656129813,
            "min": 0.002091,
            "med": 0.003763,
            "max": 17.30639,
            "p(90)": 0.006939,
            "p(95)": 0.131255
        },
        "http_req_tls_handshaking": {
            "max": 0,
            "p(90)": 0,
            "p(95)": 0,
            "avg": 0,
            "min": 0,
            "med": 0
        },
        "http_req_sending": {
            "avg": 0.014394248539813989,
            "min": 0.006103,
            "med": 0.011828,
            "max": 0.504247,
            "p(90)": 0.022257,
            "p(95)": 0.031454499999999996
        },
        "http_req_duration{expected_response:true}": {
            "p(95)": 1398.2153945,
            "avg": 276.702074933901,
            "min": 0.54116,
            "med": 79.30280300000001,
            "max": 7189.589767,
            "p(90)": 1207.849013
        },
        "http_req_receiving": {
            "avg": 0.042955608259223434,
            "min": 0,
            "med": 0.039695,
            "max": 1.720931,
            "p(90)": 0.058385,
            "p(95)": 0.067774
        },
        "vus": {
            "value": 2,
            "min": 2,
            "max": 500
        },
        "vus_max": {
            "value": 500,
            "min": 500,
            "max": 500
        },
        "http_req_failed": {
            "fails": 33996,
            "passes": 75,
            "thresholds": {
                "rate<0.05": false
            },
            "value": 0.002201285550761645
        },
        "http_req_connecting": {
            "min": 0,
            "med": 0,
            "max": 17.242915,
            "p(90)": 0,
            "p(95)": 0.0912525,
            "avg": 0.008962865486777617
        },
        "data_received": {
            "rate": 1340872.4207262592,
            "count": 100633038
        },
        "checks": {
            "passes": 33996,
            "fails": 75,
            "value": 0.9977987144492384
        },
        "http_req_waiting": {
            "med": 79.070364,
            "max": 7189.535347,
            "p(90)": 1207.272536,
            "p(95)": 1398.036862,
            "avg": 276.0364637429472,
            "min": 0.10841
        },
        "http_reqs": {
            "count": 34071,
            "rate": 453.97480941164054
        },
        "iteration_duration": {
            "min": 106.329279,
            "med": 302.471366,
            "max": 8895.685099,
            "p(90)": 2883.1666208,
            "p(95)": 3731.1005233999927,
            "avg": 929.0062639720875
        },
        "http_req_duration": {
            "avg": 276.0938135997446,
            "min": 0.128126,
            "med": 79.136002,
            "max": 7189.589767,
            "p(90)": 1207.311398,
            "p(95)": 1398.119158,
            "thresholds": {
                "p(95)<2000": false
            }
        }
    }
}