{
    "root_group": {
        "name": "",
        "path": "",
        "id": "d41d8cd98f00b204e9800998ecf8427e",
        "groups": {},
        "checks": {
                "hello: status 200": {
                    "name": "hello: status 200",
                    "path": "::hello: status 200",
                    "id": "7058b50c81b6576ebc0a925161dc4c75",
                    "passes": 4290,
                    "fails": 8183
                },
                "users: status 200": {
                    "name": "users: status 200",
                    "path": "::users: status 200",
                    "id": "6602b84c5a5775f2fd4994c761780b2a",
                    "passes": 4341,
                    "fails": 8132
                },
                "search: status 200": {
                    "name": "search: status 200",
                    "path": "::search: status 200",
                    "id": "cd68838b4cc6f7786becc08340f51f71",
                    "passes": 4437,
                    "fails": 8036
                }
            }
    },
    "metrics": {
        "data_sent": {
            "count": 4078671,
            "rate": 133269.7631226463
        },
        "vus_max": {
            "value": 200,
            "min": 200,
            "max": 200
        },
        "http_req_blocked": {
            "max": 2.820025,
            "p(90)": 0.004945,
            "p(95)": 0.005638099999999998,
            "avg": 0.005989698896282658,
            "min": 0.001879,
            "med": 0.003597
        },
        "http_reqs": {
            "count": 37419,
            "rate": 1222.6583772719846
        },
        "http_req_connecting": {
            "p(90)": 0,
            "p(95)": 0,
            "avg": 0.0009724683449584435,
            "min": 0,
            "med": 0,
            "max": 1.778728
        },
        "http_req_tls_handshaking": {
            "max": 0,
            "p(90)": 0,
            "p(95)": 0,
            "avg": 0,
            "min": 0,
            "med": 0
        },
        "http_req_waiting": {
            "max": 6399.896806,
            "p(90)": 403.05486740000003,
            "p(95)": 815.1408018,
            "avg": 161.94542265354661,
            "min": 1.142004,
            "med": 20.043927
        },
        "http_req_duration{expected_response:true}": {
            "avg": 426.77844433968556,
            "min": 4.832744,
            "med": 284.1517155,
            "max": 6399.958142,
            "p(90)": 889.5074443000001,
            "p(95)": 1429.6456713499997
        },
        "iteration_duration": {
            "avg": 486.27756085657114,
            "min": 7.436155,
            "med": 62.063326,
            "max": 7621.793354,
            "p(90)": 1271.5049730000014,
            "p(95)": 1912.2909726
        },
        "iterations": {
            "count": 12473,
            "rate": 407.55279242399484
        },
        "http_req_sending": {
            "p(90)": 0.016756,
            "p(95)": 0.01969859999999999,
            "avg": 0.014106733744888897,
            "min": 0.005547,
            "med": 0.011092,
            "max": 3.600032
        },
        "checks": {
            "passes": 13068,
            "fails": 24351,
            "value": 0.34923434618776555
        },
        "http_req_duration": {
            "max": 6399.958142,
            "p(90)": 403.10617520000005,
            "p(95)": 815.2011203999999,
            "avg": 161.99802245709392,
            "min": 1.17937,
            "med": 20.090599,
            "thresholds": {
                "p(95)<500": true
            }
        },
        "data_received": {
            "count": 46552116,
            "rate": 1521081.124753125
        },
        "http_req_failed": {
            "passes": 24351,
            "fails": 13068,
            "thresholds": {
                "rate<0.01": true
            },
            "value": 0.6507656538122344
        },
        "vus": {
            "value": 200,
            "min": 200,
            "max": 200
        },
        "http_req_receiving": {
            "avg": 0.03849306980410985,
            "min": 0.013186,
            "med": 0.034258,
            "max": 2.862062,
            "p(90)": 0.05140440000000003,
            "p(95)": 0.05846789999999998
        }
    }
}