{
    "metrics": {
        "checks": {
            "passes": 9898,
            "fails": 67478,
            "value": 0.12792080231596362
        },
        "http_req_connecting": {
            "med": 0,
            "max": 12.985872,
            "p(90)": 0,
            "p(95)": 0,
            "avg": 0.004877098622311827,
            "min": 0
        },
        "http_req_failed": {
            "passes": 67478,
            "fails": 9898,
            "thresholds": {
                "rate<0.01": true
            },
            "value": 0.8720791976840364
        },
        "http_req_sending": {
            "min": 0.005389,
            "med": 0.009341,
            "max": 19.604063,
            "p(90)": 0.015242,
            "p(95)": 0.0182415,
            "avg": 0.015875763673490657
        },
        "http_req_blocked": {
            "avg": 0.01002052471050442,
            "min": 0.00186,
            "med": 0.00284,
            "max": 19.525168,
            "p(90)": 0.00464,
            "p(95)": 0.00527325
        },
        "iterations": {
            "count": 25792,
            "rate": 833.3449913694498
        },
        "http_reqs": {
            "count": 77376,
            "rate": 2500.034974108349
        },
        "vus_max": {
            "value": 200,
            "min": 200,
            "max": 200
        },
        "http_req_waiting": {
            "p(90)": 86.613997,
            "p(95)": 492.814695,
            "avg": 78.62541584603753,
            "min": 0.492351,
            "med": 16.433968,
            "max": 5685.663325
        },
        "data_sent": {
            "count": 8433984,
            "rate": 272503.81217781006
        },
        "iteration_duration": {
            "avg": 236.27742171568633,
            "min": 26.093021,
            "med": 49.962539,
            "max": 7517.576327,
            "p(90)": 914.8157720000013,
            "p(95)": 1307.2627378
        },
        "http_req_duration": {
            "max": 5685.794704,
            "p(90)": 86.667492,
            "p(95)": 492.88756775,
            "avg": 78.67317539406301,
            "min": 0.533688,
            "med": 16.473805,
            "thresholds": {
                "p(95)<500": false
            }
        },
        "vus": {
            "value": 200,
            "min": 200,
            "max": 200
        },
        "http_req_duration{expected_response:true}": {
            "avg": 501.9815878134956,
            "min": 5.105585,
            "med": 405.2832725,
            "max": 5685.794704,
            "p(90)": 896.1166642,
            "p(95)": 1294.6116578499998
        },
        "http_req_receiving": {
            "avg": 0.03188378435173692,
            "min": 0.012738,
            "med": 0.026552,
            "max": 3.272085,
            "p(90)": 0.045973,
            "p(95)": 0.05513825
        },
        "data_received": {
            "count": 50723451,
            "rate": 1638885.461996887
        },
        "http_req_tls_handshaking": {
            "avg": 0,
            "min": 0,
            "med": 0,
            "max": 0,
            "p(90)": 0,
            "p(95)": 0
        }
    },
    "root_group": {
        "id": "d41d8cd98f00b204e9800998ecf8427e",
        "groups": {},
        "checks": {
                "hello: status 200": {
                    "id": "7058b50c81b6576ebc0a925161dc4c75",
                    "passes": 3233,
                    "fails": 22559,
                    "name": "hello: status 200",
                    "path": "::hello: status 200"
                },
                "users: status 200": {
                    "passes": 3304,
                    "fails": 22488,
                    "name": "users: status 200",
                    "path": "::users: status 200",
                    "id": "6602b84c5a5775f2fd4994c761780b2a"
                },
                "search: status 200": {
                    "name": "search: status 200",
                    "path": "::search: status 200",
                    "id": "cd68838b4cc6f7786becc08340f51f71",
                    "passes": 3361,
                    "fails": 22431
                }
            },
        "name": "",
        "path": ""
    }
}