{
    "root_group": {
        "name": "",
        "path": "",
        "id": "d41d8cd98f00b204e9800998ecf8427e",
        "groups": {},
        "checks": {
                "hello: status 200": {
                    "fails": 0,
                    "name": "hello: status 200",
                    "path": "::hello: status 200",
                    "id": "7058b50c81b6576ebc0a925161dc4c75",
                    "passes": 40542
                },
                "users: status 200": {
                    "name": "users: status 200",
                    "path": "::users: status 200",
                    "id": "6602b84c5a5775f2fd4994c761780b2a",
                    "passes": 40542,
                    "fails": 0
                },
                "search: status 200": {
                    "path": "::search: status 200",
                    "id": "cd68838b4cc6f7786becc08340f51f71",
                    "passes": 40542,
                    "fails": 0,
                    "name": "search: status 200"
                }
            }
    },
    "metrics": {
        "http_reqs": {
            "count": 121626,
            "rate": 1621.0756809476613
        },
        "http_req_tls_handshaking": {
            "p(95)": 0,
            "avg": 0,
            "min": 0,
            "med": 0,
            "max": 0,
            "p(90)": 0
        },
        "http_req_waiting": {
            "max": 280.049947,
            "p(90)": 215.4933555,
            "p(95)": 226.850442,
            "avg": 50.34803709414836,
            "min": 0.256981,
            "med": 1.7166245
        },
        "vus_max": {
            "value": 500,
            "min": 500,
            "max": 500
        },
        "iteration_duration": {
            "avg": 251.67259336295328,
            "min": 103.103624,
            "med": 106.00987599999999,
            "max": 606.042301,
            "p(90)": 569.3716049,
            "p(95)": 578.6176278
        },
        "vus": {
            "value": 1,
            "min": 1,
            "max": 500
        },
        "iterations": {
            "rate": 540.3585603158871,
            "count": 40542
        },
        "checks": {
            "passes": 121626,
            "fails": 0,
            "value": 1
        },
        "http_req_connecting": {
            "p(90)": 0,
            "p(95)": 0,
            "avg": 0.0007594668820811335,
            "min": 0,
            "med": 0,
            "max": 10.618156
        },
        "http_req_duration{expected_response:true}": {
            "max": 280.105701,
            "p(90)": 215.5473285,
            "p(95)": 226.90407075000002,
            "avg": 50.397683230879935,
            "min": 0.28952,
            "med": 1.7654565
        },
        "http_req_duration": {
            "min": 0.28952,
            "med": 1.7654565,
            "max": 280.105701,
            "p(90)": 215.5473285,
            "p(95)": 226.90407075000002,
            "avg": 50.397683230879935,
            "thresholds": {
                "p(95)<2000": false
            }
        },
        "http_req_sending": {
            "p(90)": 0.016326,
            "p(95)": 0.019334,
            "avg": 0.011818639517866214,
            "min": 0.005656,
            "med": 0.010678,
            "max": 0.702348
        },
        "data_sent": {
            "count": 13257234,
            "rate": 176697.24922329508
        },
        "http_req_failed": {
            "passes": 0,
            "fails": 121626,
            "thresholds": {
                "rate<0.05": false
            },
            "value": 0
        },
        "http_req_blocked": {
            "p(95)": 0.005741,
            "avg": 0.004941337633400768,
            "min": 0.001853,
            "med": 0.003556,
            "max": 10.688075,
            "p(90)": 0.005123
        },
        "http_req_receiving": {
            "p(90)": 0.050403,
            "p(95)": 0.0556955,
            "avg": 0.03782749721276726,
            "min": 0.013687,
            "med": 0.035638500000000004,
            "max": 2.534794
        },
        "data_received": {
            "count": 358228862,
            "rate": 4774604.906860012
        }
    }
}