{
    "metrics": {
        "http_req_connecting": {
            "min": 0,
            "med": 0,
            "max": 9.990811,
            "p(90)": 0,
            "p(95)": 0,
            "avg": 0.0007029955407175892
        },
        "http_req_receiving": {
            "max": 2.91086,
            "p(90)": 0.05565690000000001,
            "p(95)": 0.0623009,
            "avg": 0.04241451007876756,
            "min": 0,
            "med": 0.039999
        },
        "vus": {
            "value": 2,
            "min": 2,
            "max": 499
        },
        "checks": {
            "passes": 126700,
            "fails": 2,
            "value": 0.9999842149295196
        },
        "vus_max": {
            "value": 500,
            "min": 500,
            "max": 500
        },
        "iterations": {
            "count": 42234,
            "rate": 527.8921468895858
        },
        "data_sent": {
            "count": 13810770,
            "rate": 172623.881836868
        },
        "http_req_failed": {
            "passes": 2,
            "fails": 126700,
            "thresholds": {
                "rate<0.01": false
            },
            "value": 0.000015785070480339696
        },
        "http_req_blocked": {
            "avg": 0.004833557915423636,
            "min": 0.002012,
            "med": 0.003536,
            "max": 10.0605,
            "p(90)": 0.004891,
            "p(95)": 0.0053169499999999965
        },
        "http_req_tls_handshaking": {
            "p(95)": 0,
            "avg": 0,
            "min": 0,
            "med": 0,
            "max": 0,
            "p(90)": 0
        },
        "iteration_duration": {
            "avg": 411.53156460174415,
            "min": 6.214522,
            "med": 266.3697345,
            "max": 3694.644979,
            "p(90)": 935.9740786000002,
            "p(95)": 1126.9021399999995
        },
        "http_req_waiting": {
            "max": 3203.086983,
            "p(90)": 406.60415750000016,
            "p(95)": 503.41711169999985,
            "avg": 137.0277553681853,
            "min": 0.24034,
            "med": 67.0331055
        },
        "http_req_duration": {
            "max": 3203.150392,
            "p(90)": 406.66708940000007,
            "p(95)": 503.4749676499999,
            "avg": 137.08259269935758,
            "min": 0.26048,
            "med": 67.088381,
            "thresholds": {
                "p(95)<500": true
            }
        },
        "http_req_sending": {
            "p(90)": 0.0169,
            "p(95)": 0.019288899999999994,
            "avg": 0.012422821092011243,
            "min": 0.006105,
            "med": 0.011597,
            "max": 1.31867
        },
        "http_req_duration{expected_response:true}": {
            "med": 67.08967050000001,
            "max": 3203.150392,
            "p(90)": 406.6718196000002,
            "p(95)": 503.4772196999999,
            "avg": 137.08475186037887,
            "min": 0.538391
        },
        "data_received": {
            "count": 374522296,
            "rate": 4681237.365474663
        },
        "http_reqs": {
            "count": 126702,
            "rate": 1583.676440668757
        }
    },
    "root_group": {
        "path": "",
        "id": "d41d8cd98f00b204e9800998ecf8427e",
        "groups": {},
        "checks": {
                "hello: status 200": {
                    "path": "::hello: status 200",
                    "id": "7058b50c81b6576ebc0a925161dc4c75",
                    "passes": 42234,
                    "fails": 0,
                    "name": "hello: status 200"
                },
                "users: status 200": {
                    "name": "users: status 200",
                    "path": "::users: status 200",
                    "id": "6602b84c5a5775f2fd4994c761780b2a",
                    "passes": 42234,
                    "fails": 0
                },
                "search: status 200": {
                    "name": "search: status 200",
                    "path": "::search: status 200",
                    "id": "cd68838b4cc6f7786becc08340f51f71",
                    "passes": 42232,
                    "fails": 2
                }
            },
        "name": ""
    }
}