{
    "root_group": {
        "id": "d41d8cd98f00b204e9800998ecf8427e",
        "groups": {},
        "checks": {
                "hello: status 200": {
                    "name": "hello: status 200",
                    "path": "::hello: status 200",
                    "id": "7058b50c81b6576ebc0a925161dc4c75",
                    "passes": 43072,
                    "fails": 0
                },
                "users: status 200": {
                    "passes": 43072,
                    "fails": 0,
                    "name": "users: status 200",
                    "path": "::users: status 200",
                    "id": "6602b84c5a5775f2fd4994c761780b2a"
                },
                "search: status 200": {
                    "fails": 3,
                    "name": "search: status 200",
                    "path": "::search: status 200",
                    "id": "cd68838b4cc6f7786becc08340f51f71",
                    "passes": 43069
                }
            },
        "name": "",
        "path": ""
    },
    "metrics": {
        "http_req_duration": {
            "min": 0.239628,
            "med": 67.34194,
            "max": 2387.015776,
            "p(90)": 366.766203,
            "p(95)": 462.91043625,
            "avg": 134.17650844802654,
            "thresholds": {
                "p(95)<500": false
            }
        },
        "iteration_duration": {
            "p(95)": 1036.746771099999,
            "avg": 402.82446385334106,
            "min": 6.188987,
            "med": 312.28132800000003,
            "max": 3240.215883,
            "p(90)": 837.0408442
        },
        "checks": {
            "passes": 129213,
            "fails": 3,
            "value": 0.9999767830609212
        },
        "iterations": {
            "count": 43072,
            "rate": 538.3708862955039
        },
        "data_received": {
            "count": 381949277,
            "rate": 4774107.791103661
        },
        "http_req_sending": {
            "med": 0.012117,
            "max": 1.425665,
            "p(90)": 0.017264,
            "p(95)": 0.019621,
            "avg": 0.012933956739103615,
            "min": 0.005726
        },
        "vus_max": {
            "value": 500,
            "min": 500,
            "max": 500
        },
        "data_sent": {
            "rate": 176050.31715437848,
            "count": 14084787
        },
        "http_req_tls_handshaking": {
            "p(95)": 0,
            "avg": 0,
            "min": 0,
            "med": 0,
            "max": 0,
            "p(90)": 0
        },
        "http_req_receiving": {
            "med": 0.0418285,
            "max": 3.274287,
            "p(90)": 0.0561895,
            "p(95)": 0.06164025,
            "avg": 0.04370861854569142,
            "min": 0
        },
        "http_req_waiting": {
            "avg": 134.11986587273898,
            "min": 0.22766,
            "med": 67.2794,
            "max": 2386.958029,
            "p(90)": 366.709636,
            "p(95)": 462.8521665
        },
        "vus": {
            "value": 3,
            "min": 3,
            "max": 499
        },
        "http_req_duration{expected_response:true}": {
            "p(90)": 366.76866720000004,
            "p(95)": 462.93173699999915,
            "avg": 134.17961464460384,
            "min": 0.51856,
            "med": 67.345455,
            "max": 2387.015776
        },
        "http_req_blocked": {
            "avg": 0.005012215847882629,
            "min": 0.002004,
            "med": 0.003937,
            "max": 10.79253,
            "p(90)": 0.00503,
            "p(95)": 0.005489
        },
        "http_req_failed": {
            "passes": 3,
            "fails": 129213,
            "thresholds": {
                "rate<0.01": false
            },
            "value": 0.000023216939078751856
        },
        "http_req_connecting": {
            "p(95)": 0,
            "avg": 0.000651237981364537,
            "min": 0,
            "med": 0,
            "max": 10.722118,
            "p(90)": 0
        },
        "http_reqs": {
            "count": 129216,
            "rate": 1615.1126588865116
        }
    }
}