{
    "root_group": {
        "name": "",
        "path": "",
        "id": "d41d8cd98f00b204e9800998ecf8427e",
        "groups": {},
        "checks": {
                "hello: status 200": {
                    "passes": 30282,
                    "fails": 0,
                    "name": "hello: status 200",
                    "path": "::hello: status 200",
                    "id": "7058b50c81b6576ebc0a925161dc4c75"
                },
                "users: status 200": {
                    "passes": 30282,
                    "fails": 0,
                    "name": "users: status 200",
                    "path": "::users: status 200",
                    "id": "6602b84c5a5775f2fd4994c761780b2a"
                },
                "search: status 200": {
                    "path": "::search: status 200",
                    "id": "cd68838b4cc6f7786becc08340f51f71",
                    "passes": 30282,
                    "fails": 0,
                    "name": "search: status 200"
                }
            }
    },
    "metrics": {
        "iterations": {
            "count": 30282,
            "rate": 403.5820153160664
        },
        "checks": {
            "passes": 90846,
            "fails": 0,
            "value": 1
        },
        "vus": {
            "min": 1,
            "max": 500,
            "value": 1
        },
        "http_req_connecting": {
            "p(95)": 0.08850725000000001,
            "avg": 0.007089155020584283,
            "min": 0,
            "med": 0,
            "max": 11.140505,
            "p(90)": 0
        },
        "http_reqs": {
            "count": 90846,
            "rate": 1210.7460459481993
        },
        "http_req_receiving": {
            "p(90)": 0.0520985,
            "p(95)": 0.057641,
            "avg": 0.038749275774386874,
            "min": 0.016123,
            "med": 0.036248,
            "max": 1.473461
        },
        "data_received": {
            "count": 268540776,
            "rate": 3578965.3118228773
        },
        "data_sent": {
            "count": 9902214,
            "rate": 131971.31900835372
        },
        "http_req_waiting": {
            "max": 2483.438062,
            "p(90)": 359.9596405,
            "p(95)": 419.66919225000004,
            "avg": 79.31032372234228,
            "min": 0.493372,
            "med": 6.181234
        },
        "http_req_tls_handshaking": {
            "avg": 0,
            "min": 0,
            "med": 0,
            "max": 0,
            "p(90)": 0,
            "p(95)": 0
        },
        "http_req_sending": {
            "p(90)": 0.0201425,
            "p(95)": 0.026557749999999998,
            "avg": 0.013109665125597128,
            "min": 0.005868,
            "med": 0.011025,
            "max": 0.81786
        },
        "http_req_duration{expected_response:true}": {
            "avg": 79.36218266324333,
            "min": 0.52826,
            "med": 6.231015,
            "max": 2483.505138,
            "p(90)": 360.0083345,
            "p(95)": 419.727053
        },
        "vus_max": {
            "value": 500,
            "min": 500,
            "max": 500
        },
        "http_req_failed": {
            "passes": 0,
            "fails": 90846,
            "thresholds": {
                "rate<0.05": false
            },
            "value": 0
        },
        "http_req_blocked": {
            "avg": 0.0131678346322348,
            "min": 0.00204,
            "med": 0.003509,
            "max": 11.201226,
            "p(90)": 0.00596,
            "p(95)": 0.118652
        },
        "http_req_duration": {
            "avg": 79.36218266324333,
            "min": 0.52826,
            "med": 6.231015,
            "max": 2483.505138,
            "p(90)": 360.0083345,
            "p(95)": 419.727053,
            "thresholds": {
                "p(95)<2000": false
            }
        },
        "iteration_duration": {
            "max": 3394.05075,
            "p(90)": 921.367473,
            "p(95)": 1152.5908091499994,
            "avg": 338.76556180152875,
            "min": 106.249032,
            "med": 116.612481
        }
    }
}