{
    "root_group": {
        "path": "",
        "id": "d41d8cd98f00b204e9800998ecf8427e",
        "groups": {},
        "checks": {
                "hello: status 200": {
                    "passes": 15436,
                    "fails": 0,
                    "name": "hello: status 200",
                    "path": "::hello: status 200",
                    "id": "7058b50c81b6576ebc0a925161dc4c75"
                },
                "users: status 200": {
                    "fails": 0,
                    "name": "users: status 200",
                    "path": "::users: status 200",
                    "id": "6602b84c5a5775f2fd4994c761780b2a",
                    "passes": 15436
                },
                "search: status 200": {
                    "name": "search: status 200",
                    "path": "::search: status 200",
                    "id": "cd68838b4cc6f7786becc08340f51f71",
                    "passes": 15436,
                    "fails": 0
                }
            },
        "name": ""
    },
    "metrics": {
        "http_req_blocked": {
            "avg": 0.014467576487863901,
            "min": 0.001976,
            "med": 0.003837,
            "max": 15.695195,
            "p(90)": 0.005022300000000003,
            "p(95)": 0.005599650000000001
        },
        "iteration_duration": {
            "avg": 390.30734947654673,
            "min": 112.240587,
            "med": 352.8693795,
            "max": 2428.643544,
            "p(90)": 578.424266,
            "p(95)": 690.43624525
        },
        "iterations": {
            "count": 15436,
            "rate": 509.5736193753359
        },
        "http_reqs": {
            "count": 46308,
            "rate": 1528.7208581260077
        },
        "http_req_duration": {
            "p(95)": 327.46441480000004,
            "avg": 129.99519314062346,
            "min": 2.92282,
            "med": 99.3234905,
            "max": 1630.188711,
            "p(90)": 272.3440398,
            "thresholds": {
                "p(95)<500": false
            }
        },
        "http_req_connecting": {
            "min": 0,
            "med": 0,
            "max": 13.526662,
            "p(90)": 0,
            "p(95)": 0,
            "avg": 0.008812995853848149
        },
        "http_req_sending": {
            "p(95)": 0.020116600000000005,
            "avg": 0.014190247603005786,
            "min": 0.005972,
            "med": 0.0118985,
            "max": 13.855721,
            "p(90)": 0.017246300000000003
        },
        "checks": {
            "passes": 46308,
            "fails": 0,
            "value": 1
        },
        "http_req_tls_handshaking": {
            "avg": 0,
            "min": 0,
            "med": 0,
            "max": 0,
            "p(90)": 0,
            "p(95)": 0
        },
        "http_req_waiting": {
            "avg": 129.93699238099308,
            "min": 2.865654,
            "med": 99.26026350000001,
            "max": 1630.117934,
            "p(90)": 272.2858369,
            "p(95)": 327.41192625
        },
        "vus_max": {
            "value": 200,
            "min": 200,
            "max": 200
        },
        "data_sent": {
            "count": 5047572,
            "rate": 166630.57353573485
        },
        "http_req_failed": {
            "passes": 0,
            "fails": 46308,
            "thresholds": {
                "rate<0.01": false
            },
            "value": 0
        },
        "http_req_duration{expected_response:true}": {
            "max": 1630.188711,
            "p(90)": 272.3440398,
            "p(95)": 327.46441480000004,
            "avg": 129.99519314062346,
            "min": 2.92282,
            "med": 99.3234905
        },
        "vus": {
            "value": 200,
            "min": 200,
            "max": 200
        },
        "http_req_receiving": {
            "med": 0.0413085,
            "max": 0.840957,
            "p(90)": 0.05780630000000003,
            "p(95)": 0.06580795,
            "avg": 0.0440105120281591,
            "min": 0.01468
        },
        "data_received": {
            "count": 136886448,
            "rate": 4518898.856620479
        }
    }
}