{
    "root_group": {
        "name": "",
        "path": "",
        "id": "d41d8cd98f00b204e9800998ecf8427e",
        "groups": {},
        "checks": {
                "hello: status 200": {
                    "path": "::hello: status 200",
                    "id": "7058b50c81b6576ebc0a925161dc4c75",
                    "passes": 12376,
                    "fails": 80,
                    "name": "hello: status 200"
                },
                "users: status 200": {
                    "name": "users: status 200",
                    "path": "::users: status 200",
                    "id": "6602b84c5a5775f2fd4994c761780b2a",
                    "passes": 12422,
                    "fails": 22
                },
                "search: status 200": {
                    "id": "cd68838b4cc6f7786becc08340f51f71",
                    "passes": 12377,
                    "fails": 51,
                    "name": "search: status 200",
                    "path": "::search: status 200"
                }
            }
    },
    "metrics": {
        "vus": {
            "value": 50,
            "min": 5,
            "max": 500
        },
        "http_req_waiting": {
            "avg": 221.13244844615303,
            "min": 0,
            "med": 84.2291065,
            "max": 3212.245923,
            "p(90)": 705.578844,
            "p(95)": 886.1118885000001
        },
        "checks": {
            "passes": 37175,
            "fails": 153,
            "value": 0.9959012001714531
        },
        "http_req_failed": {
            "passes": 153,
            "fails": 37175,
            "thresholds": {
                "rate<0.05": false
            },
            "value": 0.004098799828546935
        },
        "http_reqs": {
            "count": 37328,
            "rate": 680.1417273238401
        },
        "data_received": {
            "count": 117367486,
            "rate": 2138515.984239622
        },
        "http_req_receiving": {
            "p(90)": 0.06922910000000002,
            "p(95)": 0.0886022,
            "avg": 0.058274469995714444,
            "min": 0,
            "med": 0.047205,
            "max": 13.523227
        },
        "http_req_duration{expected_response:true}": {
            "max": 3212.301078,
            "p(90)": 706.1083486,
            "p(95)": 888.0006105999979,
            "avg": 222.12106236021407,
            "min": 0.490203,
            "med": 84.7514
        },
        "http_req_connecting": {
            "min": 0,
            "med": 0,
            "max": 10.461187,
            "p(90)": 0,
            "p(95)": 0.11166830000000003,
            "avg": 0.018801755625803673
        },
        "http_req_sending": {
            "p(90)": 0.028025100000000018,
            "p(95)": 0.03763525,
            "avg": 0.022339753643377674,
            "min": 0,
            "med": 0.014082,
            "max": 10.660854
        },
        "http_req_duration": {
            "avg": 221.213062669791,
            "min": 0,
            "med": 84.312551,
            "max": 3212.301078,
            "p(90)": 705.7036472000001,
            "p(95)": 886.19572125,
            "thresholds": {
                "p(95)<2000": false
            }
        },
        "vus_max": {
            "value": 500,
            "min": 500,
            "max": 500
        },
        "data_sent": {
            "count": 4073790,
            "rate": 74227.24408901056
        },
        "http_req_tls_handshaking": {
            "med": 0,
            "max": 0,
            "p(90)": 0,
            "p(95)": 0,
            "avg": 0,
            "min": 0
        },
        "iterations": {
            "count": 12412,
            "rate": 226.15514143654906
        },
        "iteration_duration": {
            "avg": 765.828777604657,
            "min": 101.799415,
            "med": 277.7577215,
            "max": 4700.66482,
            "p(90)": 2001.142775,
            "p(95)": 2315.00642175
        },
        "http_req_blocked": {
            "max": 10.558108,
            "p(90)": 0.013716300000000032,
            "p(95)": 0.15442185000000014,
            "avg": 0.02848750120552939,
            "min": 0.002182,
            "med": 0.004674
        }
    }
}