{
    "root_group": {
        "name": "",
        "path": "",
        "id": "d41d8cd98f00b204e9800998ecf8427e",
        "groups": {},
        "checks": {
                "hello: status 200": {
                    "name": "hello: status 200",
                    "path": "::hello: status 200",
                    "id": "7058b50c81b6576ebc0a925161dc4c75",
                    "passes": 77,
                    "fails": 70485
                },
                "users: status 200": {
                    "passes": 143,
                    "fails": 70419,
                    "name": "users: status 200",
                    "path": "::users: status 200",
                    "id": "6602b84c5a5775f2fd4994c761780b2a"
                },
                "search: status 200": {
                    "path": "::search: status 200",
                    "id": "cd68838b4cc6f7786becc08340f51f71",
                    "passes": 207,
                    "fails": 70355,
                    "name": "search: status 200"
                }
            }
    },
    "metrics": {
        "http_req_connecting": {
            "avg": 0.0003740481420594653,
            "min": 0,
            "med": 0,
            "max": 1.736676,
            "p(90)": 0,
            "p(95)": 0
        },
        "checks": {
            "passes": 427,
            "fails": 211259,
            "value": 0.0020171385920656065
        },
        "iteration_duration": {
            "max": 12920.574764,
            "p(90)": 64.0686319,
            "p(95)": 67.0203834,
            "avg": 90.67417791968865,
            "min": 9.674639,
            "med": 56.505914000000004
        },
        "http_req_duration{expected_response:true}": {
            "max": 12880.905138,
            "p(90)": 11371.6865302,
            "p(95)": 11866.8902456,
            "avg": 5423.057785423887,
            "min": 111.266319,
            "med": 3187.016481
        },
        "vus": {
            "value": 39,
            "min": 39,
            "max": 200
        },
        "http_req_failed": {
            "passes": 211259,
            "fails": 427,
            "thresholds": {
                "rate<0.01": true
            },
            "value": 0.9979828614079344
        },
        "http_req_waiting": {
            "max": 12880.792534,
            "p(90)": 21.7673655,
            "p(95)": 22.83388575,
            "avg": 30.095519532798335,
            "min": 2.708004,
            "med": 18.747473
        },
        "data_sent": {
            "count": 23073774,
            "rate": 692607.5007689277
        },
        "http_req_receiving": {
            "med": 0.029886,
            "max": 3.678981,
            "p(90)": 0.041893,
            "p(95)": 0.046988,
            "avg": 0.03280657580095065,
            "min": 0.013133
        },
        "vus_max": {
            "value": 200,
            "min": 200,
            "max": 200
        },
        "iterations": {
            "rate": 2118.065751586935,
            "count": 70562
        },
        "http_reqs": {
            "count": 211686,
            "rate": 6354.197254760806
        },
        "http_req_blocked": {
            "min": 0.001602,
            "med": 0.003264,
            "max": 4.726806,
            "p(90)": 0.004599,
            "p(95)": 0.005142,
            "avg": 0.004669871068469239
        },
        "http_req_sending": {
            "avg": 0.011848903167899426,
            "min": 0.005374,
            "med": 0.01023,
            "max": 5.314445,
            "p(90)": 0.015366,
            "p(95)": 0.017652
        },
        "http_req_tls_handshaking": {
            "p(90)": 0,
            "p(95)": 0,
            "avg": 0,
            "min": 0,
            "med": 0,
            "max": 0
        },
        "data_received": {
            "count": 67973908,
            "rate": 2040378.7667061759
        },
        "http_req_duration": {
            "max": 12880.905138,
            "p(90)": 21.812365999999997,
            "p(95)": 22.88167725,
            "avg": 30.14017501176739,
            "min": 2.769416,
            "med": 18.790161,
            "thresholds": {
                "p(95)<500": false
            }
        }
    }
}