{
    "root_group": {
        "path": "",
        "id": "d41d8cd98f00b204e9800998ecf8427e",
        "groups": {},
        "checks": {
                "hello: status 200": {
                    "name": "hello: status 200",
                    "path": "::hello: status 200",
                    "id": "7058b50c81b6576ebc0a925161dc4c75",
                    "passes": 15428,
                    "fails": 0
                },
                "users: status 200": {
                    "name": "users: status 200",
                    "path": "::users: status 200",
                    "id": "6602b84c5a5775f2fd4994c761780b2a",
                    "passes": 15428,
                    "fails": 0
                },
                "search: status 200": {
                    "path": "::search: status 200",
                    "id": "cd68838b4cc6f7786becc08340f51f71",
                    "passes": 15428,
                    "fails": 0,
                    "name": "search: status 200"
                }
            },
        "name": ""
    },
    "metrics": {
        "http_req_sending": {
            "p(95)": 0.02085424999999999,
            "avg": 0.013481168827240566,
            "min": 0.006159,
            "med": 0.012393,
            "max": 0.301816,
            "p(90)": 0.01792740000000001
        },
        "iteration_duration": {
            "p(95)": 3073.2940834,
            "avg": 1142.9860921193936,
            "min": 5.579609,
            "med": 853.7454204999999,
            "max": 7918.187216,
            "p(90)": 2513.3391339
        },
        "iterations": {
            "count": 15428,
            "rate": 192.83751261644346
        },
        "http_req_blocked": {
            "med": 0.004141,
            "max": 18.141706,
            "p(90)": 0.005185,
            "p(95)": 0.006102,
            "avg": 0.006760253089620581,
            "min": 0.002073
        },
        "http_req_failed": {
            "passes": 0,
            "fails": 46284,
            "thresholds": {
                "rate<0.01": false
            },
            "value": 0
        },
        "http_req_duration{expected_response:true}": {
            "min": 0.543536,
            "med": 81.7713085,
            "max": 5932.388834,
            "p(90)": 1109.3285013000002,
            "p(95)": 1305.3118258,
            "avg": 380.88856613481744
        },
        "http_req_connecting": {
            "p(90)": 0,
            "p(95)": 0,
            "avg": 0.0018523303949528986,
            "min": 0,
            "med": 0,
            "max": 18.051004
        },
        "http_req_waiting": {
            "p(90)": 1109.2666537000002,
            "p(95)": 1305.2444629999998,
            "avg": 380.82902912326006,
            "min": 0.504117,
            "med": 81.709597,
            "max": 5932.33167
        },
        "http_req_receiving": {
            "min": 0.015061,
            "med": 0.043961,
            "max": 0.942397,
            "p(90)": 0.05969440000000001,
            "p(95)": 0.06695055,
            "avg": 0.046055842731829714
        },
        "http_reqs": {
            "count": 46284,
            "rate": 578.5125378493304
        },
        "http_req_duration": {
            "avg": 380.88856613481744,
            "min": 0.543536,
            "med": 81.7713085,
            "max": 5932.388834,
            "p(90)": 1109.3285013000002,
            "p(95)": 1305.3118258,
            "thresholds": {
                "p(95)<500": true
            }
        },
        "data_received": {
            "count": 136815504,
            "rate": 1710083.0618826207
        },
        "vus": {
            "value": 2,
            "min": 2,
            "max": 499
        },
        "http_req_tls_handshaking": {
            "avg": 0,
            "min": 0,
            "med": 0,
            "max": 0,
            "p(90)": 0,
            "p(95)": 0
        },
        "data_sent": {
            "count": 5044956,
            "rate": 63057.866625577015
        },
        "vus_max": {
            "value": 500,
            "min": 500,
            "max": 500
        },
        "checks": {
            "passes": 46284,
            "fails": 0,
            "value": 1
        }
    }
}