{
    "metrics": {
        "data_sent": {
            "count": 4954704,
            "rate": 61930.90995847652
        },
        "checks": {
            "passes": 45456,
            "fails": 0,
            "value": 1
        },
        "iteration_duration": {
            "avg": 1165.853312525738,
            "min": 5.687557,
            "med": 856.2116814999999,
            "max": 7882.715375,
            "p(90)": 2592.4875395,
            "p(95)": 3155.98445985
        },
        "http_reqs": {
            "rate": 568.1734858575827,
            "count": 45456
        },
        "http_req_sending": {
            "avg": 0.013032382347764918,
            "min": 0.006296,
            "med": 0.01205,
            "max": 0.559739,
            "p(90)": 0.0173525,
            "p(95)": 0.020217
        },
        "vus": {
            "min": 3,
            "max": 499,
            "value": 3
        },
        "http_req_failed": {
            "passes": 0,
            "fails": 45456,
            "thresholds": {
                "rate<0.01": false
            },
            "value": 0
        },
        "iterations": {
            "count": 15152,
            "rate": 189.39116195252757
        },
        "http_req_duration": {
            "p(90)": 1127.9598190000002,
            "p(95)": 1361.8142134999998,
            "avg": 388.5140455269661,
            "min": 0.55493,
            "med": 92.373244,
            "max": 5967.994437,
            "thresholds": {
                "p(95)<500": true
            }
        },
        "http_req_receiving": {
            "avg": 0.04431635790654717,
            "min": 0.014354,
            "med": 0.0422295,
            "max": 0.92997,
            "p(90)": 0.057206,
            "p(95)": 0.0640085
        },
        "vus_max": {
            "value": 500,
            "min": 500,
            "max": 500
        },
        "http_req_waiting": {
            "avg": 388.45669678671976,
            "min": 0.513985,
            "med": 92.309574,
            "max": 5967.927749,
            "p(90)": 1127.8978655,
            "p(95)": 1361.7475279999999
        },
        "data_received": {
            "count": 134367936,
            "rate": 1679520.8241950145
        },
        "http_req_connecting": {
            "max": 23.239772,
            "p(90)": 0,
            "p(95)": 0,
            "avg": 0.0019476202701513548,
            "min": 0,
            "med": 0
        },
        "http_req_tls_handshaking": {
            "avg": 0,
            "min": 0,
            "med": 0,
            "max": 0,
            "p(90)": 0,
            "p(95)": 0
        },
        "http_req_duration{expected_response:true}": {
            "avg": 388.5140455269661,
            "min": 0.55493,
            "med": 92.373244,
            "max": 5967.994437,
            "p(90)": 1127.9598190000002,
            "p(95)": 1361.8142134999998
        },
        "http_req_blocked": {
            "avg": 0.006743179932242152,
            "min": 0.002037,
            "med": 0.00403,
            "max": 23.296807,
            "p(90)": 0.005073,
            "p(95)": 0.005912
        }
    },
    "root_group": {
        "groups": {},
        "checks": {
                "hello: status 200": {
                    "name": "hello: status 200",
                    "path": "::hello: status 200",
                    "id": "7058b50c81b6576ebc0a925161dc4c75",
                    "passes": 15152,
                    "fails": 0
                },
                "users: status 200": {
                    "id": "6602b84c5a5775f2fd4994c761780b2a",
                    "passes": 15152,
                    "fails": 0,
                    "name": "users: status 200",
                    "path": "::users: status 200"
                },
                "search: status 200": {
                    "name": "search: status 200",
                    "path": "::search: status 200",
                    "id": "cd68838b4cc6f7786becc08340f51f71",
                    "passes": 15152,
                    "fails": 0
                }
            },
        "name": "",
        "path": "",
        "id": "d41d8cd98f00b204e9800998ecf8427e"
    }
}