{
    "root_group": {
        "name": "",
        "path": "",
        "id": "d41d8cd98f00b204e9800998ecf8427e",
        "groups": {},
        "checks": {
                "hello: status 200": {
                    "path": "::hello: status 200",
                    "id": "7058b50c81b6576ebc0a925161dc4c75",
                    "passes": 8633,
                    "fails": 137,
                    "name": "hello: status 200"
                },
                "users: status 200": {
                    "passes": 8749,
                    "fails": 21,
                    "name": "users: status 200",
                    "path": "::users: status 200",
                    "id": "6602b84c5a5775f2fd4994c761780b2a"
                },
                "search: status 200": {
                    "id": "cd68838b4cc6f7786becc08340f51f71",
                    "passes": 8763,
                    "fails": 7,
                    "name": "search: status 200",
                    "path": "::search: status 200"
                }
            }
    },
    "metrics": {
        "vus_max": {
            "min": 500,
            "max": 500,
            "value": 500
        },
        "iterations": {
            "count": 8770,
            "rate": 116.85620532731876
        },
        "http_req_duration": {
            "avg": 367.10372369057626,
            "min": 0.128766,
            "med": 66.8686075,
            "max": 7269.314644,
            "p(90)": 1222.6520146000003,
            "p(95)": 1382.9116333999998,
            "thresholds": {
                "p(95)<2000": false
            }
        },
        "http_req_blocked": {
            "p(95)": 0.14409699999999998,
            "avg": 0.019083213987077248,
            "min": 0.002148,
            "med": 0.004311,
            "max": 13.254064,
            "p(90)": 0.016442000000000023
        },
        "http_req_waiting": {
            "avg": 367.0426220307464,
            "min": 0.111141,
            "med": 66.811361,
            "max": 7269.259078,
            "p(90)": 1222.5869331000001,
            "p(95)": 1382.8439692
        },
        "http_req_connecting": {
            "p(90)": 0,
            "p(95)": 0.10022059999999999,
            "avg": 0.010632775408589866,
            "min": 0,
            "med": 0,
            "max": 13.202273
        },
        "http_req_sending": {
            "p(95)": 0.03345475,
            "avg": 0.015709881603952987,
            "min": 0.005783,
            "med": 0.012919,
            "max": 0.545041,
            "p(90)": 0.025151700000000016
        },
        "data_received": {
            "count": 77624850,
            "rate": 1034315.3261234115
        },
        "iteration_duration": {
            "avg": 1202.1688813200658,
            "min": 101.672778,
            "med": 729.6047115,
            "max": 10796.935314,
            "p(90)": 2813.0090642000005,
            "p(95)": 3877.879866449998
        },
        "data_sent": {
            "rate": 38219.174392988396,
            "count": 2868330
        },
        "http_req_receiving": {
            "avg": 0.045391778221208615,
            "min": 0,
            "med": 0.043331,
            "max": 1.008288,
            "p(90)": 0.0603761,
            "p(95)": 0.06784665000000001
        },
        "http_reqs": {
            "count": 26310,
            "rate": 350.56861598195627
        },
        "http_req_duration{expected_response:true}": {
            "p(90)": 1223.5092086000004,
            "p(95)": 1385.4650311999999,
            "avg": 369.41818125003095,
            "min": 0.570994,
            "med": 67.588294,
            "max": 7269.314644
        },
        "vus": {
            "value": 1,
            "min": 1,
            "max": 500
        },
        "checks": {
            "passes": 26145,
            "fails": 165,
            "value": 0.9937286202964652
        },
        "http_req_failed": {
            "passes": 165,
            "fails": 26145,
            "thresholds": {
                "rate<0.05": false
            },
            "value": 0.006271379703534778
        },
        "http_req_tls_handshaking": {
            "max": 0,
            "p(90)": 0,
            "p(95)": 0,
            "avg": 0,
            "min": 0,
            "med": 0
        }
    }
}