{
    "root_group": {
        "id": "d41d8cd98f00b204e9800998ecf8427e",
        "groups": {},
        "checks": {
                "hello: status 200": {
                    "name": "hello: status 200",
                    "path": "::hello: status 200",
                    "id": "7058b50c81b6576ebc0a925161dc4c75",
                    "passes": 9151,
                    "fails": 84
                },
                "users: status 200": {
                    "name": "users: status 200",
                    "path": "::users: status 200",
                    "id": "6602b84c5a5775f2fd4994c761780b2a",
                    "passes": 9220,
                    "fails": 15
                },
                "search: status 200": {
                    "name": "search: status 200",
                    "path": "::search: status 200",
                    "id": "cd68838b4cc6f7786becc08340f51f71",
                    "passes": 9222,
                    "fails": 13
                }
            },
        "name": "",
        "path": ""
    },
    "metrics": {
        "data_received": {
            "count": 81758320,
            "rate": 1088956.5232343038
        },
        "http_req_blocked": {
            "avg": 0.015702530301389694,
            "min": 0.002181,
            "med": 0.004367,
            "max": 13.325044,
            "p(90)": 0.007177600000000003,
            "p(95)": 0.1357062
        },
        "http_req_waiting": {
            "med": 64.243461,
            "max": 5909.8838,
            "p(90)": 1206.3861616000002,
            "p(95)": 1299.8970725999998,
            "avg": 346.73978913214256,
            "min": 0.12152
        },
        "vus": {
            "value": 2,
            "min": 2,
            "max": 500
        },
        "vus_max": {
            "value": 500,
            "min": 500,
            "max": 500
        },
        "data_sent": {
            "count": 3020547,
            "rate": 40231.31051843784
        },
        "http_req_duration{expected_response:true}": {
            "max": 5909.922903,
            "p(90)": 1207.3536199999999,
            "p(95)": 1300.3307467999996,
            "avg": 348.2076172900746,
            "min": 0.560865,
            "med": 64.581465
        },
        "http_req_failed": {
            "passes": 112,
            "fails": 27593,
            "thresholds": {
                "rate<0.05": false
            },
            "value": 0.00404259158996571
        },
        "checks": {
            "passes": 27593,
            "fails": 112,
            "value": 0.9959574084100343
        },
        "http_req_tls_handshaking": {
            "avg": 0,
            "min": 0,
            "med": 0,
            "max": 0,
            "p(90)": 0,
            "p(95)": 0
        },
        "http_req_sending": {
            "max": 0.654287,
            "p(90)": 0.02238440000000003,
            "p(95)": 0.030852399999999995,
            "avg": 0.015359532575347494,
            "min": 0.006166,
            "med": 0.012896
        },
        "iterations": {
            "count": 9235,
            "rate": 123.00293709641777
        },
        "http_req_duration": {
            "avg": 346.8013697464006,
            "min": 0.139785,
            "med": 64.306243,
            "max": 5909.922903,
            "p(90)": 1206.4377624,
            "p(95)": 1299.9849376,
            "thresholds": {
                "p(95)<2000": false
            }
        },
        "http_req_receiving": {
            "p(90)": 0.06145700000000001,
            "p(95)": 0.0698794,
            "avg": 0.04622108168200719,
            "min": 0,
            "med": 0.044192,
            "max": 0.587194
        },
        "http_req_connecting": {
            "min": 0,
            "med": 0,
            "max": 13.272665,
            "p(90)": 0,
            "p(95)": 0.09590159999999999,
            "avg": 0.00825137830716477
        },
        "iteration_duration": {
            "avg": 1141.237766558418,
            "min": 101.787723,
            "med": 688.831842,
            "max": 9148.037736,
            "p(90)": 2673.774715,
            "p(95)": 3723.7475651999985
        },
        "http_reqs": {
            "rate": 369.0088112892533,
            "count": 27705
        }
    }
}