{
    "metrics": {
        "http_req_receiving": {
            "avg": 0.04523736165601365,
            "min": 0,
            "med": 0.043054999999999996,
            "max": 1.035911,
            "p(90)": 0.0599378,
            "p(95)": 0.06783149999999998
        },
        "checks": {
            "passes": 27082,
            "fails": 140,
            "value": 0.9948571008742928
        },
        "data_sent": {
            "count": 2967378,
            "rate": 39531.95569152317
        },
        "iterations": {
            "rate": 120.88549754863763,
            "count": 9074
        },
        "http_req_failed": {
            "passes": 140,
            "fails": 27082,
            "thresholds": {
                "rate<0.05": false
            },
            "value": 0.005142899125707149
        },
        "http_req_waiting": {
            "avg": 354.2135743910437,
            "min": 0.13704,
            "med": 63.31783,
            "max": 7070.934971,
            "p(90)": 1215.8994855000005,
            "p(95)": 1290.3597605999996
        },
        "http_req_duration": {
            "avg": 354.274494276837,
            "min": 0.171182,
            "med": 63.383903000000004,
            "max": 7070.998653,
            "p(90)": 1215.9521481000006,
            "p(95)": 1290.4282932999997,
            "thresholds": {
                "p(95)<2000": false
            }
        },
        "vus": {
            "value": 1,
            "min": 1,
            "max": 500
        },
        "http_req_blocked": {
            "med": 0.004323499999999999,
            "max": 9.684611,
            "p(90)": 0.10052700000000037,
            "p(95)": 0.14252694999999999,
            "avg": 0.019604584233340775,
            "min": 0.002175
        },
        "http_req_tls_handshaking": {
            "p(95)": 0,
            "avg": 0,
            "min": 0,
            "med": 0,
            "max": 0,
            "p(90)": 0
        },
        "vus_max": {
            "value": 500,
            "min": 500,
            "max": 500
        },
        "data_received": {
            "count": 80308928,
            "rate": 1069890.3150625653
        },
        "http_reqs": {
            "count": 27222,
            "rate": 362.6564926459129
        },
        "http_req_connecting": {
            "avg": 0.011272309014767487,
            "min": 0,
            "med": 0,
            "max": 9.640684,
            "p(90)": 0.07515720000000116,
            "p(95)": 0.10200529999999997
        },
        "iteration_duration": {
            "med": 704.123098,
            "max": 9979.895857,
            "p(90)": 2635.9760259,
            "p(95)": 3712.8982778,
            "avg": 1163.6653375872818,
            "min": 102.325439
        },
        "http_req_duration{expected_response:true}": {
            "p(95)": 1291.2249573999995,
            "avg": 356.1040194574646,
            "min": 0.568537,
            "med": 63.926456,
            "max": 7070.998653,
            "p(90)": 1217.2878468000001
        },
        "http_req_sending": {
            "avg": 0.01568252413489089,
            "min": 0.006214,
            "med": 0.0128275,
            "max": 1.035098,
            "p(90)": 0.0249889,
            "p(95)": 0.033695
        }
    },
    "root_group": {
        "id": "d41d8cd98f00b204e9800998ecf8427e",
        "groups": {},
        "checks": {
                "hello: status 200": {
                    "name": "hello: status 200",
                    "path": "::hello: status 200",
                    "id": "7058b50c81b6576ebc0a925161dc4c75",
                    "passes": 8966,
                    "fails": 108
                },
                "users: status 200": {
                    "fails": 22,
                    "name": "users: status 200",
                    "path": "::users: status 200",
                    "id": "6602b84c5a5775f2fd4994c761780b2a",
                    "passes": 9052
                },
                "search: status 200": {
                    "fails": 10,
                    "name": "search: status 200",
                    "path": "::search: status 200",
                    "id": "cd68838b4cc6f7786becc08340f51f71",
                    "passes": 9064
                }
            },
        "name": "",
        "path": ""
    }
}