{
    "metrics": {
        "vus_max": {
            "value": 500,
            "min": 500,
            "max": 500
        },
        "http_req_sending": {
            "avg": 0.015117953252255135,
            "min": 0.006269,
            "med": 0.01258,
            "max": 0.400879,
            "p(90)": 0.023284,
            "p(95)": 0.032954
        },
        "vus": {
            "value": 1,
            "min": 1,
            "max": 500
        },
        "http_req_failed": {
            "passes": 146,
            "fails": 27235,
            "thresholds": {
                "rate<0.05": false
            },
            "value": 0.00533216463971367
        },
        "http_req_blocked": {
            "avg": 0.01686093725576128,
            "min": 0.002041,
            "med": 0.004273,
            "max": 13.019947,
            "p(90)": 0.00746,
            "p(95)": 0.13894
        },
        "http_req_receiving": {
            "med": 0.043038,
            "max": 0.628958,
            "p(90)": 0.059433,
            "p(95)": 0.066921,
            "avg": 0.04483303674080555,
            "min": 0
        },
        "http_req_tls_handshaking": {
            "avg": 0,
            "min": 0,
            "med": 0,
            "max": 0,
            "p(90)": 0,
            "p(95)": 0
        },
        "http_req_duration{expected_response:true}": {
            "avg": 353.16183444156144,
            "min": 0.559932,
            "med": 66.4804,
            "max": 9341.015494,
            "p(90)": 1237.2312124000005,
            "p(95)": 1365.1136843999998
        },
        "checks": {
            "passes": 27235,
            "fails": 146,
            "value": 0.9946678353602864
        },
        "http_reqs": {
            "count": 27381,
            "rate": 364.89162882232847
        },
        "iterations": {
            "count": 9127,
            "rate": 121.63054294077617
        },
        "http_req_waiting": {
            "avg": 351.2206162389248,
            "min": 0.151453,
            "med": 65.942243,
            "max": 9340.967059,
            "p(90)": 1235.817057,
            "p(95)": 1364.60046
        },
        "http_req_connecting": {
            "min": 0,
            "med": 0,
            "max": 12.914546,
            "p(90)": 0,
            "p(95)": 0.096635,
            "avg": 0.009054037325152505
        },
        "data_sent": {
            "rate": 39775.4663652169,
            "count": 2984700
        },
        "data_received": {
            "count": 80749091,
            "rate": 1076099.0227132838
        },
        "http_req_duration": {
            "min": 0.170703,
            "med": 66.001175,
            "max": 9341.015494,
            "p(90)": 1235.928548,
            "p(95)": 1364.654072,
            "avg": 351.2805672289152,
            "thresholds": {
                "p(95)<2000": false
            }
        },
        "iteration_duration": {
            "p(95)": 3736.8570197999998,
            "avg": 1154.6769969968193,
            "min": 101.585653,
            "med": 664.614907,
            "max": 10107.090222,
            "p(90)": 2799.8342526
        }
    },
    "root_group": {
        "name": "",
        "path": "",
        "id": "d41d8cd98f00b204e9800998ecf8427e",
        "groups": {},
        "checks": {
                "hello: status 200": {
                    "name": "hello: status 200",
                    "path": "::hello: status 200",
                    "id": "7058b50c81b6576ebc0a925161dc4c75",
                    "passes": 9020,
                    "fails": 107
                },
                "users: status 200": {
                    "name": "users: status 200",
                    "path": "::users: status 200",
                    "id": "6602b84c5a5775f2fd4994c761780b2a",
                    "passes": 9097,
                    "fails": 30
                },
                "search: status 200": {
                    "name": "search: status 200",
                    "path": "::search: status 200",
                    "id": "cd68838b4cc6f7786becc08340f51f71",
                    "passes": 9118,
                    "fails": 9
                }
            }
    }
}