{
    "metrics": {
        "http_req_tls_handshaking": {
            "p(95)": 0,
            "avg": 0,
            "min": 0,
            "med": 0,
            "max": 0,
            "p(90)": 0
        },
        "http_req_sending": {
            "avg": 0.012225589029888117,
            "min": 0,
            "med": 0.011324,
            "max": 3.471219,
            "p(90)": 0.01688,
            "p(95)": 0.0196835
        },
        "iterations": {
            "count": 117337,
            "rate": 1466.660061879477
        },
        "http_req_duration": {
            "p(95)": 152.3644795,
            "avg": 48.9612599505142,
            "min": 0,
            "med": 30.312916,
            "max": 193.05233,
            "p(90)": 135.831988,
            "thresholds": {
                "p(95)<500": false
            }
        },
        "data_sent": {
            "count": 38373939,
            "rate": 479657.08811627433
        },
        "vus": {
            "max": 499,
            "value": 2,
            "min": 2
        },
        "http_req_failed": {
            "passes": 31,
            "fails": 351980,
            "thresholds": {
                "rate<0.01": false
            },
            "value": 0.00008806542977350139
        },
        "http_reqs": {
            "count": 352011,
            "rate": 4399.980185638431
        },
        "http_req_connecting": {
            "avg": 0.00032407731008406013,
            "min": 0,
            "med": 0,
            "max": 8.740057,
            "p(90)": 0,
            "p(95)": 0
        },
        "http_req_waiting": {
            "p(95)": 152.304561,
            "avg": 48.90890864603015,
            "min": 0,
            "med": 30.257188,
            "max": 192.985692,
            "p(90)": 135.773407
        },
        "http_req_blocked": {
            "avg": 0.004276103167230701,
            "min": 0.001882,
            "med": 0.00347,
            "max": 8.893927,
            "p(90)": 0.004767,
            "p(95)": 0.005122
        },
        "data_received": {
            "count": 1036653924,
            "rate": 12957710.767459905
        },
        "vus_max": {
            "value": 500,
            "min": 500,
            "max": 500
        },
        "http_req_receiving": {
            "avg": 0.04012571545207335,
            "min": 0,
            "med": 0.037997,
            "max": 4.439845,
            "p(90)": 0.052853,
            "p(95)": 0.057697
        },
        "iteration_duration": {
            "max": 362.324131,
            "p(90)": 295.8231298,
            "p(95)": 316.49433619999996,
            "avg": 147.15171239088204,
            "min": 3.068267,
            "med": 131.175924
        },
        "checks": {
            "passes": 351980,
            "fails": 31,
            "value": 0.9999119345702265
        },
        "http_req_duration{expected_response:true}": {
            "avg": 48.9655569613826,
            "min": 0.277904,
            "med": 30.3195305,
            "max": 193.05233,
            "p(90)": 135.83416930000007,
            "p(95)": 152.3658236
        }
    },
    "root_group": {
        "name": "",
        "path": "",
        "id": "d41d8cd98f00b204e9800998ecf8427e",
        "groups": {},
        "checks": {
                "hello: status 200": {
                    "id": "7058b50c81b6576ebc0a925161dc4c75",
                    "passes": 117337,
                    "fails": 0,
                    "name": "hello: status 200",
                    "path": "::hello: status 200"
                },
                "users: status 200": {
                    "name": "users: status 200",
                    "path": "::users: status 200",
                    "id": "6602b84c5a5775f2fd4994c761780b2a",
                    "passes": 117337,
                    "fails": 0
                },
                "search: status 200": {
                    "path": "::search: status 200",
                    "id": "cd68838b4cc6f7786becc08340f51f71",
                    "passes": 117306,
                    "fails": 31,
                    "name": "search: status 200"
                }
            }
    }
}