{
    "root_group": {
        "name": "",
        "path": "",
        "id": "d41d8cd98f00b204e9800998ecf8427e",
        "groups": {},
        "checks": {
                "hello: status 200": {
                    "name": "hello: status 200",
                    "path": "::hello: status 200",
                    "id": "7058b50c81b6576ebc0a925161dc4c75",
                    "passes": 26944,
                    "fails": 89
                },
                "users: status 200": {
                    "passes": 26999,
                    "fails": 34,
                    "name": "users: status 200",
                    "path": "::users: status 200",
                    "id": "6602b84c5a5775f2fd4994c761780b2a"
                },
                "search: status 200": {
                    "name": "search: status 200",
                    "path": "::search: status 200",
                    "id": "cd68838b4cc6f7786becc08340f51f71",
                    "passes": 27015,
                    "fails": 18
                }
            }
    },
    "metrics": {
        "http_req_duration{expected_response:true}": {
            "max": 793.485378,
            "p(90)": 531.9036357000001,
            "p(95)": 684.2723285,
            "avg": 93.89216443392917,
            "min": 0.293802,
            "med": 2.00328
        },
        "http_req_sending": {
            "p(90)": 0.018911399999999995,
            "p(95)": 0.02471419999999998,
            "avg": 0.013153650809504563,
            "min": 0.005586,
            "med": 0.011104,
            "max": 2.733492
        },
        "vus": {
            "value": 1,
            "min": 1,
            "max": 500
        },
        "http_req_receiving": {
            "avg": 0.03874331957237483,
            "min": 0,
            "med": 0.036282,
            "max": 2.512919,
            "p(90)": 0.05165579999999999,
            "p(95)": 0.05780359999999995
        },
        "checks": {
            "fails": 141,
            "passes": 80958,
            "value": 0.9982613842340843
        },
        "data_received": {
            "rate": 3178044.3647043877,
            "count": 238621702
        },
        "http_req_tls_handshaking": {
            "min": 0,
            "med": 0,
            "max": 0,
            "p(90)": 0,
            "p(95)": 0,
            "avg": 0
        },
        "http_req_waiting": {
            "min": 0.058196,
            "med": 1.948245,
            "max": 793.424117,
            "p(90)": 531.6463961999999,
            "p(95)": 683.7493944999981,
            "avg": 93.6776319705297
        },
        "http_req_failed": {
            "passes": 141,
            "fails": 80958,
            "thresholds": {
                "rate<0.05": false
            },
            "value": 0.0017386157659157325
        },
        "http_reqs": {
            "count": 81099,
            "rate": 1080.1038538110886
        },
        "http_req_connecting": {
            "p(90)": 0,
            "p(95)": 0,
            "avg": 0.004657085586751981,
            "min": 0,
            "med": 0,
            "max": 6.019428
        },
        "http_req_blocked": {
            "avg": 0.010357138756334974,
            "min": 0.001971,
            "med": 0.003664,
            "max": 6.080247,
            "p(90)": 0.005566,
            "p(95)": 0.014219899999999923
        },
        "data_sent": {
            "count": 8842581,
            "rate": 117768.47822706457
        },
        "iterations": {
            "count": 27033,
            "rate": 360.0346179370295
        },
        "vus_max": {
            "min": 500,
            "max": 500,
            "value": 500
        },
        "http_req_duration": {
            "avg": 93.72952894091215,
            "min": 0.138228,
            "med": 1.999405,
            "max": 793.485378,
            "p(90)": 531.7094599999999,
            "p(95)": 683.8184441999981,
            "thresholds": {
                "p(95)<2000": false
            }
        },
        "iteration_duration": {
            "min": 101.469343,
            "med": 108.781968,
            "max": 1618.792731,
            "p(90)": 1397.2299077999999,
            "p(95)": 1417.6550772,
            "avg": 381.7027128793338
        }
    }
}