{
    "root_group": {
        "name": "",
        "path": "",
        "id": "d41d8cd98f00b204e9800998ecf8427e",
        "groups": {},
        "checks": {
                "hello: status 200": {
                    "name": "hello: status 200",
                    "path": "::hello: status 200",
                    "id": "7058b50c81b6576ebc0a925161dc4c75",
                    "passes": 771,
                    "fails": 29720
                },
                "users: status 200": {
                    "passes": 836,
                    "fails": 29655,
                    "name": "users: status 200",
                    "path": "::users: status 200",
                    "id": "6602b84c5a5775f2fd4994c761780b2a"
                },
                "search: status 200": {
                    "name": "search: status 200",
                    "path": "::search: status 200",
                    "id": "cd68838b4cc6f7786becc08340f51f71",
                    "passes": 902,
                    "fails": 29589
                }
            }
    },
    "metrics": {
        "data_received": {
            "rate": 1128864.7120751264,
            "count": 35595760
        },
        "http_req_waiting": {
            "p(90)": 22.631561800000004,
            "p(95)": 23.5584198,
            "avg": 67.18337541002248,
            "min": 0.728022,
            "med": 19.037184,
            "max": 9450.503253
        },
        "http_req_blocked": {
            "min": 0.00187,
            "med": 0.00325,
            "max": 3.811145,
            "p(90)": 0.004602,
            "p(95)": 0.005206,
            "avg": 0.005114816426705114
        },
        "http_req_sending": {
            "p(90)": 0.01536,
            "p(95)": 0.017903599999999978,
            "avg": 0.01260592225028159,
            "min": 0.005416,
            "med": 0.010114,
            "max": 3.932949
        },
        "http_req_connecting": {
            "p(90)": 0,
            "p(95)": 0,
            "avg": 0.0008410134356586094,
            "min": 0,
            "med": 0,
            "max": 1.838099
        },
        "http_req_duration": {
            "avg": 67.22897328108849,
            "min": 0.762066,
            "med": 19.081519,
            "max": 9450.573276,
            "p(90)": 22.673603,
            "p(95)": 23.602296199999998,
            "thresholds": {
                "p(95)<500": false
            }
        },
        "http_req_tls_handshaking": {
            "avg": 0,
            "min": 0,
            "med": 0,
            "max": 0,
            "p(90)": 0,
            "p(95)": 0
        },
        "iteration_duration": {
            "avg": 201.94168666508125,
            "min": 12.945971,
            "med": 57.349562,
            "max": 12461.291729,
            "p(90)": 65.915156,
            "p(95)": 70.39243450000001
        },
        "iterations": {
            "count": 30491,
            "rate": 966.9751098412472
        },
        "vus": {
            "value": 92,
            "min": 92,
            "max": 200
        },
        "vus_max": {
            "value": 200,
            "min": 200,
            "max": 200
        },
        "data_sent": {
            "count": 9970557,
            "rate": 316200.8609180878
        },
        "checks": {
            "passes": 2509,
            "fails": 88964,
            "value": 0.027428858788932253
        },
        "http_req_failed": {
            "passes": 88964,
            "fails": 2509,
            "thresholds": {
                "rate<0.01": true
            },
            "value": 0.9725711412110678
        },
        "http_reqs": {
            "count": 91473,
            "rate": 2900.9253295237418
        },
        "http_req_duration{expected_response:true}": {
            "avg": 1763.5566265265086,
            "min": 0.762066,
            "med": 1502.267564,
            "max": 9450.573276,
            "p(90)": 3501.3997368000005,
            "p(95)": 5799.2997546
        },
        "http_req_receiving": {
            "avg": 0.03299194881549777,
            "min": 0.01311,
            "med": 0.029669,
            "max": 3.648255,
            "p(90)": 0.0421916,
            "p(95)": 0.0480404
        }
    }
}