{
    "metrics": {
        "http_reqs": {
            "count": 708147,
            "rate": 8851.5220472444
        },
        "checks": {
            "passes": 707004,
            "fails": 1143,
            "value": 0.9983859283453859
        },
        "data_sent": {
            "count": 77314677,
            "rate": 966399.0217300638
        },
        "iterations": {
            "count": 236049,
            "rate": 2950.5073490814666
        },
        "http_req_failed": {
            "passes": 1143,
            "fails": 707004,
            "thresholds": {
                "rate<0.01": false
            },
            "value": 0.0016140716546140844
        },
        "data_received": {
            "count": 2080911688,
            "rate": 26010469.13239844
        },
        "http_req_duration{expected_response:true}": {
            "med": 14.986456,
            "max": 102.918582,
            "p(90)": 66.22668830000002,
            "p(95)": 74.852231,
            "avg": 24.27577194108402,
            "min": 0.291617
        },
        "http_req_waiting": {
            "med": 14.847763,
            "max": 102.808065,
            "p(90)": 66.1409226,
            "p(95)": 74.7699966,
            "avg": 24.17388437490101,
            "min": 0
        },
        "vus_max": {
            "value": 500,
            "min": 500,
            "max": 500
        },
        "http_req_receiving": {
            "min": 0,
            "med": 0.044394,
            "max": 8.304315,
            "p(90)": 0.059349,
            "p(95)": 0.066061,
            "avg": 0.047682291429603736
        },
        "http_req_connecting": {
            "avg": 0.0004591830396796134,
            "min": 0,
            "med": 0,
            "max": 6.456531,
            "p(90)": 0,
            "p(95)": 0
        },
        "http_req_blocked": {
            "med": 0.004446,
            "max": 6.54912,
            "p(90)": 0.005256,
            "p(95)": 0.006036699999999953,
            "avg": 0.005597445384927245,
            "min": 0.001991
        },
        "http_req_tls_handshaking": {
            "max": 0,
            "p(90)": 0,
            "p(95)": 0,
            "avg": 0,
            "min": 0,
            "med": 0
        },
        "http_req_sending": {
            "avg": 0.01614170653550677,
            "min": 0,
            "med": 0.012731,
            "max": 13.898629,
            "p(90)": 0.018104,
            "p(95)": 0.021545
        },
        "http_req_duration": {
            "min": 0,
            "med": 14.914096,
            "max": 102.918582,
            "p(90)": 66.2053686,
            "p(95)": 74.8371467,
            "avg": 24.23770837286631,
            "thresholds": {
                "p(95)<500": false
            }
        },
        "iteration_duration": {
            "avg": 73.04083833943515,
            "min": 1.592157,
            "med": 66.087003,
            "max": 190.270284,
            "p(90)": 144.9982886,
            "p(95)": 156.3940157999999
        },
        "vus": {
            "max": 499,
            "value": 2,
            "min": 2
        }
    },
    "root_group": {
        "id": "d41d8cd98f00b204e9800998ecf8427e",
        "groups": {},
        "checks": {
                "hello: status 200": {
                    "path": "::hello: status 200",
                    "id": "7058b50c81b6576ebc0a925161dc4c75",
                    "passes": 236011,
                    "fails": 38,
                    "name": "hello: status 200"
                },
                "users: status 200": {
                    "path": "::users: status 200",
                    "id": "6602b84c5a5775f2fd4994c761780b2a",
                    "passes": 236014,
                    "fails": 35,
                    "name": "users: status 200"
                },
                "search: status 200": {
                    "passes": 234979,
                    "fails": 1070,
                    "name": "search: status 200",
                    "path": "::search: status 200",
                    "id": "cd68838b4cc6f7786becc08340f51f71"
                }
            },
        "name": "",
        "path": ""
    }
}