{
    "metrics": {
        "http_req_tls_handshaking": {
            "p(90)": 0,
            "p(95)": 0,
            "avg": 0,
            "min": 0,
            "med": 0,
            "max": 0
        },
        "http_req_sending": {
            "min": 0.005684,
            "med": 0.012905,
            "max": 6.071863,
            "p(90)": 0.018889,
            "p(95)": 0.023028,
            "avg": 0.015730531598263688
        },
        "checks": {
            "passes": 168081,
            "fails": 10932,
            "value": 0.9389318094216621
        },
        "http_req_connecting": {
            "avg": 0.000248942194142325,
            "min": 0,
            "med": 0,
            "max": 0.982302,
            "p(90)": 0,
            "p(95)": 0
        },
        "iterations": {
            "rate": 1985.9679129505691,
            "count": 59671
        },
        "http_req_duration": {
            "p(95)": 73.2153,
            "avg": 33.424183560406185,
            "min": 0.373566,
            "med": 32.833403,
            "max": 1536.376474,
            "p(90)": 61.075915600000016,
            "thresholds": {
                "p(95)<500": false
            }
        },
        "data_received": {
            "count": 498752308,
            "rate": 16599455.014966054
        },
        "http_req_waiting": {
            "min": 0.332644,
            "med": 32.763691,
            "max": 1536.324668,
            "p(90)": 60.99557440000004,
            "p(95)": 73.12134339999994,
            "avg": 33.35643430200556
        },
        "iteration_duration": {
            "avg": 100.61796879489178,
            "min": 24.76673,
            "med": 82.846078,
            "max": 1841.690021,
            "p(90)": 133.373452,
            "p(95)": 166.4661875
        },
        "vus": {
            "min": 200,
            "max": 200,
            "value": 200
        },
        "http_req_receiving": {
            "p(95)": 0.07386519999999998,
            "avg": 0.05201872680196382,
            "min": 0.015616,
            "med": 0.045932,
            "max": 8.198292,
            "p(90)": 0.063749
        },
        "data_sent": {
            "count": 19512417,
            "rate": 649411.5075348361
        },
        "http_reqs": {
            "count": 179013,
            "rate": 5957.903738851707
        },
        "http_req_duration{expected_response:true}": {
            "avg": 34.207054696205944,
            "min": 0.373566,
            "med": 33.779432,
            "max": 1536.376474,
            "p(90)": 62.282839,
            "p(95)": 74.120364
        },
        "http_req_failed": {
            "passes": 10932,
            "fails": 168081,
            "thresholds": {
                "rate<0.01": true
            },
            "value": 0.061068190578337886
        },
        "http_req_blocked": {
            "min": 0.001973,
            "med": 0.004557,
            "max": 3.708525,
            "p(90)": 0.005469,
            "p(95)": 0.006291,
            "avg": 0.005525236703479659
        },
        "vus_max": {
            "value": 200,
            "min": 200,
            "max": 200
        }
    },
    "root_group": {
        "checks": {
            "hello: status 200": {
                "passes": 55963,
                "fails": 3708,
                "name": "hello: status 200",
                "path": "::hello: status 200",
                "id": "7058b50c81b6576ebc0a925161dc4c75"
            },
            "users: status 200": {
                "path": "::users: status 200",
                "id": "6602b84c5a5775f2fd4994c761780b2a",
                "passes": 56035,
                "fails": 3636,
                "name": "users: status 200"
            },
            "search: status 200": {
                "name": "search: status 200",
                "path": "::search: status 200",
                "id": "cd68838b4cc6f7786becc08340f51f71",
                "passes": 56083,
                "fails": 3588
            }
        },
        "name": "",
        "path": "",
        "id": "d41d8cd98f00b204e9800998ecf8427e",
        "groups": {}
    }
}