{
    "metrics": {
        "http_req_duration": {
            "p(90)": 610.6282472,
            "p(95)": 987.7914102999998,
            "avg": 328.23798068659954,
            "min": 0.670082,
            "med": 300.474957,
            "max": 3500.789869,
            "thresholds": {
                "p(95)<500": true
            }
        },
        "http_req_blocked": {
            "avg": 0.1289438482133152,
            "min": 0.001998,
            "med": 0.003644,
            "max": 30.635909,
            "p(90)": 0.005124,
            "p(95)": 0.005799349999999998
        },
        "data_sent": {
            "count": 2007126,
            "rate": 66059.87443626135
        },
        "vus_max": {
            "min": 200,
            "max": 200,
            "value": 200
        },
        "data_received": {
            "rate": 1785030.7355315145,
            "count": 54235368
        },
        "http_req_sending": {
            "avg": 0.019612526718801076,
            "min": 0.005819,
            "med": 0.011792,
            "max": 18.897843,
            "p(90)": 0.018802300000000004,
            "p(95)": 0.021985
        },
        "checks": {
            "passes": 18414,
            "fails": 0,
            "value": 1
        },
        "http_req_waiting": {
            "avg": 328.1747753280664,
            "min": 0.6335,
            "med": 300.413948,
            "max": 3500.736535,
            "p(90)": 610.5696041000001,
            "p(95)": 987.7347417999998
        },
        "http_req_failed": {
            "passes": 0,
            "fails": 18414,
            "thresholds": {
                "rate<0.01": false
            },
            "value": 0
        },
        "iterations": {
            "count": 6138,
            "rate": 202.01796463688484
        },
        "http_reqs": {
            "count": 18414,
            "rate": 606.0538939106546
        },
        "vus": {
            "value": 200,
            "min": 200,
            "max": 200
        },
        "http_req_receiving": {
            "med": 0.040841,
            "max": 3.056124,
            "p(90)": 0.05862850000000001,
            "p(95)": 0.06636319999999998,
            "avg": 0.043592831812751164,
            "min": 0.014946
        },
        "http_req_tls_handshaking": {
            "p(90)": 0,
            "p(95)": 0,
            "avg": 0,
            "min": 0,
            "med": 0,
            "max": 0
        },
        "http_req_connecting": {
            "max": 19.789995,
            "p(90)": 0,
            "p(95)": 0,
            "avg": 0.04383824807211903,
            "min": 0,
            "med": 0
        },
        "iteration_duration": {
            "min": 337.49376,
            "med": 691.0548805000001,
            "max": 6773.986309,
            "p(90)": 1482.3651173,
            "p(95)": 2384.98846135,
            "avg": 985.3734948963795
        },
        "http_req_duration{expected_response:true}": {
            "p(95)": 987.7914102999998,
            "avg": 328.23798068659954,
            "min": 0.670082,
            "med": 300.474957,
            "max": 3500.789869,
            "p(90)": 610.6282472
        }
    },
    "root_group": {
        "name": "",
        "path": "",
        "id": "d41d8cd98f00b204e9800998ecf8427e",
        "groups": {},
        "checks": {
                "hello: status 200": {
                    "name": "hello: status 200",
                    "path": "::hello: status 200",
                    "id": "7058b50c81b6576ebc0a925161dc4c75",
                    "passes": 6138,
                    "fails": 0
                },
                "users: status 200": {
                    "path": "::users: status 200",
                    "id": "6602b84c5a5775f2fd4994c761780b2a",
                    "passes": 6138,
                    "fails": 0,
                    "name": "users: status 200"
                },
                "search: status 200": {
                    "name": "search: status 200",
                    "path": "::search: status 200",
                    "id": "cd68838b4cc6f7786becc08340f51f71",
                    "passes": 6138,
                    "fails": 0
                }
            }
    }
}