{
    "root_group": {
        "name": "",
        "path": "",
        "id": "d41d8cd98f00b204e9800998ecf8427e",
        "groups": {},
        "checks": {
                "hello: status 200": {
                    "passes": 76665,
                    "fails": 1,
                    "name": "hello: status 200",
                    "path": "::hello: status 200",
                    "id": "7058b50c81b6576ebc0a925161dc4c75"
                },
                "users: status 200": {
                    "name": "users: status 200",
                    "path": "::users: status 200",
                    "id": "6602b84c5a5775f2fd4994c761780b2a",
                    "passes": 76666,
                    "fails": 0
                },
                "search: status 200": {
                    "passes": 76636,
                    "fails": 30,
                    "name": "search: status 200",
                    "path": "::search: status 200",
                    "id": "cd68838b4cc6f7786becc08340f51f71"
                }
            }
    },
    "metrics": {
        "data_received": {
            "count": 725579685,
            "rate": 9069675.114512933
        },
        "http_req_failed": {
            "passes": 31,
            "fails": 229967,
            "thresholds": {
                "rate<0.01": false
            },
            "value": 0.00013478378072852808
        },
        "http_req_tls_handshaking": {
            "p(90)": 0,
            "p(95)": 0,
            "avg": 0,
            "min": 0,
            "med": 0,
            "max": 0
        },
        "http_req_blocked": {
            "p(90)": 0.005186,
            "p(95)": 0.005868,
            "avg": 0.006215653170897256,
            "min": 0.001872,
            "med": 0.004368,
            "max": 7.083944
        },
        "http_req_connecting": {
            "avg": 0.0007038136070748446,
            "min": 0,
            "med": 0,
            "max": 7.007809,
            "p(90)": 0,
            "p(95)": 0
        },
        "iterations": {
            "count": 76666,
            "rate": 958.3175035134129
        },
        "vus": {
            "value": 3,
            "min": 3,
            "max": 499
        },
        "iteration_duration": {
            "min": 12.607398,
            "med": 195.569182,
            "max": 988.106817,
            "p(90)": 453.993523,
            "p(95)": 499.1710065,
            "avg": 225.56097644296176
        },
        "vus_max": {
            "value": 500,
            "min": 500,
            "max": 500
        },
        "http_req_duration": {
            "avg": 75.05961332709845,
            "min": 0.115952,
            "med": 57.0282275,
            "max": 682.70183,
            "p(90)": 179.3592524000001,
            "p(95)": 209.022985,
            "thresholds": {
                "p(95)<500": false
            }
        },
        "http_reqs": {
            "count": 229998,
            "rate": 2874.952510540239
        },
        "http_req_duration{expected_response:true}": {
            "max": 682.70183,
            "p(90)": 179.366259,
            "p(95)": 209.03327589999978,
            "avg": 75.06965886356296,
            "min": 0.296095,
            "med": 57.04213
        },
        "http_req_receiving": {
            "med": 0.046739,
            "max": 11.922285,
            "p(90)": 0.07083230000000001,
            "p(95)": 0.09904759999999997,
            "avg": 0.059670476091096776,
            "min": 0
        },
        "checks": {
            "passes": 229967,
            "fails": 31,
            "value": 0.9998652162192715
        },
        "data_sent": {
            "count": 25073787,
            "rate": 313419.8857572727
        },
        "http_req_sending": {
            "p(90)": 0.019967,
            "p(95)": 0.026333,
            "avg": 0.01707604891781659,
            "min": 0.00593,
            "med": 0.012769,
            "max": 11.729446
        },
        "http_req_waiting": {
            "avg": 74.9828668020882,
            "min": 0.100185,
            "med": 56.949527,
            "max": 682.634034,
            "p(90)": 179.2716143,
            "p(95)": 208.94828034999998
        }
    }
}