{
    "metrics": {
        "http_req_tls_handshaking": {
            "p(90)": 0,
            "p(95)": 0,
            "avg": 0,
            "min": 0,
            "med": 0,
            "max": 0
        },
        "http_req_duration{expected_response:true}": {
            "avg": 75.03982077053458,
            "min": 0.316168,
            "med": 57.13023,
            "max": 767.575935,
            "p(90)": 180.80273240000014,
            "p(95)": 210.58822529999995
        },
        "http_req_connecting": {
            "avg": 0.0007611459237913923,
            "min": 0,
            "med": 0,
            "max": 11.541095,
            "p(90)": 0,
            "p(95)": 0
        },
        "http_req_sending": {
            "p(95)": 0.026249199999999955,
            "avg": 0.01740791817158503,
            "min": 0.005708,
            "med": 0.012707,
            "max": 20.665725,
            "p(90)": 0.019876200000000014
        },
        "http_req_receiving": {
            "min": 0,
            "med": 0.046381,
            "max": 21.047972,
            "p(90)": 0.070128,
            "p(95)": 0.09872129999999993,
            "avg": 0.05990231267955836
        },
        "vus": {
            "value": 3,
            "min": 3,
            "max": 499
        },
        "http_req_failed": {
            "passes": 31,
            "fails": 230048,
            "thresholds": {
                "rate<0.01": false
            },
            "value": 0.00013473632969545244
        },
        "http_req_blocked": {
            "max": 11.610561,
            "p(90)": 0.005222,
            "p(95)": 0.005899,
            "avg": 0.0064169762820598586,
            "min": 0.001981,
            "med": 0.004397
        },
        "data_sent": {
            "count": 25082607,
            "rate": 313512.926849628
        },
        "data_received": {
            "rate": 9072428.63562891,
            "count": 725839806
        },
        "http_req_duration": {
            "max": 767.575935,
            "p(90)": 180.78810420000002,
            "p(95)": 210.58270699999997,
            "avg": 75.02978897840714,
            "min": 0.149918,
            "med": 57.113509,
            "thresholds": {
                "p(95)<500": false
            }
        },
        "http_reqs": {
            "count": 230079,
            "rate": 2875.8071557966664
        },
        "vus_max": {
            "min": 500,
            "max": 500,
            "value": 500
        },
        "checks": {
            "passes": 230048,
            "fails": 31,
            "value": 0.9998652636703046
        },
        "iterations": {
            "count": 76693,
            "rate": 958.6023852655555
        },
        "http_req_waiting": {
            "p(95)": 210.5177714,
            "avg": 74.9524787475565,
            "min": 0.135308,
            "med": 57.038688,
            "max": 767.522239,
            "p(90)": 180.70727900000009
        },
        "iteration_duration": {
            "avg": 225.47816410772592,
            "min": 12.635842,
            "med": 192.028082,
            "max": 1051.496135,
            "p(90)": 457.54814080000006,
            "p(95)": 506.71384359999985
        }
    },
    "root_group": {
        "groups": {},
        "checks": {
                "hello: status 200": {
                    "name": "hello: status 200",
                    "path": "::hello: status 200",
                    "id": "7058b50c81b6576ebc0a925161dc4c75",
                    "passes": 76691,
                    "fails": 2
                },
                "users: status 200": {
                    "name": "users: status 200",
                    "path": "::users: status 200",
                    "id": "6602b84c5a5775f2fd4994c761780b2a",
                    "passes": 76692,
                    "fails": 1
                },
                "search: status 200": {
                    "name": "search: status 200",
                    "path": "::search: status 200",
                    "id": "cd68838b4cc6f7786becc08340f51f71",
                    "passes": 76665,
                    "fails": 28
                }
            },
        "name": "",
        "path": "",
        "id": "d41d8cd98f00b204e9800998ecf8427e"
    }
}