{
    "root_group": {
        "name": "",
        "path": "",
        "id": "d41d8cd98f00b204e9800998ecf8427e",
        "groups": {},
        "checks": {
                "hello: status 200": {
                    "name": "hello: status 200",
                    "path": "::hello: status 200",
                    "id": "7058b50c81b6576ebc0a925161dc4c75",
                    "passes": 18956,
                    "fails": 19675
                },
                "users: status 200": {
                    "id": "6602b84c5a5775f2fd4994c761780b2a",
                    "passes": 19046,
                    "fails": 19585,
                    "name": "users: status 200",
                    "path": "::users: status 200"
                },
                "search: status 200": {
                    "name": "search: status 200",
                    "path": "::search: status 200",
                    "id": "cd68838b4cc6f7786becc08340f51f71",
                    "passes": 19118,
                    "fails": 19513
                }
            }
    },
    "metrics": {
        "http_req_sending": {
            "p(95)": 0.023803399999999995,
            "avg": 0.014902730984615009,
            "min": 0.005534,
            "med": 0.011846,
            "max": 2.963311,
            "p(90)": 0.017824
        },
        "http_req_blocked": {
            "p(95)": 0.005836,
            "avg": 0.005389106658728327,
            "min": 0.001854,
            "med": 0.004148,
            "max": 3.486593,
            "p(90)": 0.00512
        },
        "http_req_waiting": {
            "min": 0.356989,
            "med": 20.18699,
            "max": 2117.967366,
            "p(90)": 126.27229340000001,
            "p(95)": 211.10969579999994,
            "avg": 51.777227695770996
        },
        "http_reqs": {
            "count": 115893,
            "rate": 3837.6496523350584
        },
        "http_req_receiving": {
            "med": 0.0382,
            "max": 7.144901,
            "p(90)": 0.0615356,
            "p(95)": 0.07588779999999999,
            "avg": 0.04771445355629854,
            "min": 0.013644
        },
        "data_sent": {
            "count": 12632337,
            "rate": 418303.8121045214
        },
        "vus_max": {
            "value": 200,
            "min": 200,
            "max": 200
        },
        "http_req_duration": {
            "min": 0.420447,
            "med": 20.233258,
            "max": 2118.020392,
            "p(90)": 126.352265,
            "p(95)": 211.18768219999987,
            "avg": 51.83984488031157,
            "thresholds": {
                "p(95)<500": false
            }
        },
        "http_req_duration{expected_response:true}": {
            "med": 91.3848075,
            "max": 2118.020392,
            "p(90)": 211.29576759999998,
            "p(95)": 243.70913084999967,
            "avg": 84.08678190283588,
            "min": 0.420447
        },
        "http_req_failed": {
            "fails": 57120,
            "passes": 58773,
            "thresholds": {
                "rate<0.01": true
            },
            "value": 0.5071315782661593
        },
        "vus": {
            "value": 200,
            "min": 200,
            "max": 200
        },
        "data_received": {
            "count": 199062758,
            "rate": 6591710.664419403
        },
        "iteration_duration": {
            "max": 2304.60584,
            "p(90)": 331.207993,
            "p(95)": 420.74120800000003,
            "avg": 155.84552340905,
            "min": 18.193918,
            "med": 70.08837
        },
        "iterations": {
            "count": 38631,
            "rate": 1279.2165507783527
        },
        "http_req_connecting": {
            "avg": 0.00043978344680006603,
            "min": 0,
            "med": 0,
            "max": 1.045307,
            "p(90)": 0,
            "p(95)": 0
        },
        "checks": {
            "passes": 57120,
            "fails": 58773,
            "value": 0.4928684217338407
        },
        "http_req_tls_handshaking": {
            "max": 0,
            "p(90)": 0,
            "p(95)": 0,
            "avg": 0,
            "min": 0,
            "med": 0
        }
    }
}